,,"Name (click to view profile)","Profile ID",Date,Likes,"Live video timestamp",Comment,"Image URLs","Author Avatar","Comment Edited","Comment URL"
1,,"Kevin Cruz",pfbid0rnyiZx34zkqkfXjJKLrckXnhYexxn4TLHZscKd8uavtrvvQ5GjsXdf7bW2BHPfJHl,"2024-10-25 06:56:05",11,-,"Se jodió el país",,https://scontent.fkul8-4.fna.fbcdn.net/v/t39.30808-1/432913809_7119930641462868_7389863379036870617_n.jpg?stp=cp0_dst-jpg_s64x64&_nc_cat=100&ccb=1-7&_nc_sid=0ecb9b&_nc_ohc=dHE3Mxol5QMQ7kNvgFW6gPF&_nc_zt=24&_nc_ht=scontent.fkul8-4.fna&_nc_gid=ARFns1EcbLXvwEIBmCXsGG2&oh=00_AYDpXK9E7icw_KurZUgnXEZGqmv1E54eNjY4Z22odbKVUQ&oe=6742C296,,https://www.exportcomments.com/done/8e17d52a-7c28-443b-97dc-72c812831ee0/preview/1081904736908810
2,,"Yorgelis Nataly Bustillos Quero",pfbid02Zbzr3LXEe8Pgw3qrtWVTNTHbAZRuqtvNeAPBPChSntSwdAnUTLX8h2NXMkLfjQwHl,"2024-10-25 06:56:21",7,-,"Dicen de 4 am a 9ame y nos las quitan Justo a las 12 🥴🥴",,https://scontent.fkul8-3.fna.fbcdn.net/v/t39.30808-1/432398046_1261148978605932_2871661783083882354_n.jpg?stp=cp0_dst-jpg_s64x64&_nc_cat=104&ccb=1-7&_nc_sid=0ecb9b&_nc_ohc=GtpJP9k3D-EQ7kNvgFcmcTm&_nc_zt=24&_nc_ht=scontent.fkul8-3.fna&_nc_gid=ARFns1EcbLXvwEIBmCXsGG2&oh=00_AYAqp5r3M8s619Gu9vQzWeeiSQ1xW_obgqheTeim3H6CDw&oe=6742AFDA,,https://www.exportcomments.com/done/8e17d52a-7c28-443b-97dc-72c812831ee0/preview/885184990410415
3,,"Dario Sornoza",pfbid0Eqq6gQt7dsVWttomXjCDKbbjnp2VYZ8ihBuYWZt1wkwjwdzfwRmA97mgWMRA4VgYl,"2024-10-25 06:58:33",82,-,"El presidente ni en el país a de estar , como siempre huyendo del país",,https://scontent.fkul8-3.fna.fbcdn.net/v/t1.30497-1/453178253_471506465671661_2781666950760530985_n.png?stp=cp0_dst-png_s64x64&_nc_cat=1&ccb=1-7&_nc_sid=136b72&_nc_ohc=bYLP8ChJYTYQ7kNvgFnuW_8&_nc_zt=24&_nc_ht=scontent.fkul8-3.fna&_nc_gid=ARFns1EcbLXvwEIBmCXsGG2&oh=00_AYAfxP6fSY4hXfe3_bWYg5BemLsz80FeHor8u_Ul-DLw6A&oe=67644FBA,,https://www.exportcomments.com/done/8e17d52a-7c28-443b-97dc-72c812831ee0/preview/1297811111218157
4,,"Carolina Paola Fajardo",100028374858691,"2024-10-25 06:58:52",62,-,"Maldito gobierno",,https://scontent.fkul8-1.fna.fbcdn.net/v/t39.30808-1/465464583_1406213313667817_8213673115807234330_n.jpg?stp=cp0_dst-jpg_p64x64&_nc_cat=103&ccb=1-7&_nc_sid=50d2ac&_nc_ohc=ytHJJibLVMsQ7kNvgG_8dFX&_nc_zt=24&_nc_ht=scontent.fkul8-1.fna&_nc_gid=ARFns1EcbLXvwEIBmCXsGG2&oh=00_AYAuy4GI1k9vUVPBllb4MbMaB0DRAbhiiYZ88oguikmc5A&oe=6742D228,,https://www.exportcomments.com/done/8e17d52a-7c28-443b-97dc-72c812831ee0/preview/524119697066085
5,,"RP Films Bastoneras",100064173392851,"2024-10-25 07:01:23",5,-,"De mal en peor!!!!",,https://scontent.fkul8-3.fna.fbcdn.net/v/t39.30808-1/465787896_942555417893563_834465737197501710_n.jpg?stp=cp0_dst-jpg_s64x64&_nc_cat=104&ccb=1-7&_nc_sid=f4b9fd&_nc_ohc=jmXJOEfAQd4Q7kNvgG9EK_3&_nc_zt=24&_nc_ht=scontent.fkul8-3.fna&_nc_gid=ARFns1EcbLXvwEIBmCXsGG2&oh=00_AYD6X04dSUz_3KDSRY_cUqXBbFCjAt1Ccuuu8RstYHlNww&oe=6742E1C3,,https://www.exportcomments.com/done/8e17d52a-7c28-443b-97dc-72c812831ee0/preview/9052471278105183
6,,"Isabel Menendez",100055098716707,"2024-10-25 07:05:06",39,-,"Hay que hacer huelga con este país",,https://scontent.fkul8-2.fna.fbcdn.net/v/t39.30808-1/451080681_1030107958835818_8801334452323440479_n.jpg?stp=cp0_dst-jpg_s64x64&_nc_cat=110&ccb=1-7&_nc_sid=50d2ac&_nc_ohc=PfqhwCLANIsQ7kNvgE5H94U&_nc_zt=24&_nc_ht=scontent.fkul8-2.fna&_nc_gid=ARFns1EcbLXvwEIBmCXsGG2&oh=00_AYAOjevSEmsXtIikYbzc4T0SgwO9zf8418vW8AnLqGr8_A&oe=6742D2D2,,https://www.exportcomments.com/done/8e17d52a-7c28-443b-97dc-72c812831ee0/preview/596581226028201
7,,"Carolina Paola Fajardo",100028374858691,"2024-10-25 07:06:00",8,-,"Ese payaso debería largarse no sabe gobernar tareas de inútiles que gobierna el país todo se fue a la mierda quien podría vivir 14 horas sin energía eléctrica y los negocios se irán o Ys están en la quiebra por un gobierno ineficiente",,https://scontent.fkul8-1.fna.fbcdn.net/v/t39.30808-1/465464583_1406213313667817_8213673115807234330_n.jpg?stp=cp0_dst-jpg_p64x64&_nc_cat=103&ccb=1-7&_nc_sid=50d2ac&_nc_ohc=ytHJJibLVMsQ7kNvgG_8dFX&_nc_zt=24&_nc_ht=scontent.fkul8-1.fna&_nc_gid=ARFns1EcbLXvwEIBmCXsGG2&oh=00_AYAuy4GI1k9vUVPBllb4MbMaB0DRAbhiiYZ88oguikmc5A&oe=6742D228,,https://www.exportcomments.com/done/8e17d52a-7c28-443b-97dc-72c812831ee0/preview/1615683112655723
8,,"Katherin Torres",pfbid06frhsbh8fzdvsA4fyEWKh9Ta7ep9aKVMqJFCBzR4A3foW7CgRusJHqNMUdnNP3Hbl,"2024-10-25 07:09:03",6,-,"Mejor llevense el medidor crvgas 😒",,https://scontent-sof1-2.xx.fbcdn.net/v/t1.30497-1/453178253_471506465671661_2781666950760530985_n.png?stp=cp0_dst-png_s64x64&_nc_cat=110&ccb=1-7&_nc_sid=136b72&_nc_ohc=bYLP8ChJYTYQ7kNvgHhInfM&_nc_zt=24&_nc_ht=scontent-sof1-2.xx&_nc_gid=AWYzL2p1t1qz-UX0AKGDcgx&oh=00_AYAIMhqFnzWOYzgfvZOKv4fV2ECIPeDk-msfA1OOx9ZoEw&oe=67644FBA,,https://www.exportcomments.com/done/8e17d52a-7c28-443b-97dc-72c812831ee0/preview/584181764281838
9,,"Rose Rodriguez",pfbid02kBefTN1xzNrJUS6G4kS6HHysPLGmLTpGKXHZB49Roa1LhFWdpSSPvU2iFftetmK7l,"2024-10-25 07:11:20",122,-,"Yo solo quiero llorar 😭",,https://scontent.fupg6-1.fna.fbcdn.net/v/t39.30808-1/465053594_2875706395933860_8580798918684028049_n.jpg?stp=cp0_dst-jpg_s64x64&_nc_cat=104&ccb=1-7&_nc_sid=0ecb9b&_nc_ohc=Wh2g5C6QUgkQ7kNvgECPECX&_nc_zt=24&_nc_ht=scontent.fupg6-1.fna&_nc_gid=AlwzFt15-wNI-E31hW_afNQ&oh=00_AYDAxyLFvdId2WMSQQq4K8NOyZSVI-JY7clLIMZltDy1zw&oe=6742B31A,,https://www.exportcomments.com/done/8e17d52a-7c28-443b-97dc-72c812831ee0/preview/1474630316424730
10,,"Jorge Luis Ortiz Ramos",pfbid025Wap2mWuCscEThm6fxi2MmNEmQKVUEr1DhXC4nBsjy6qAFgDvCeiDqMF97fTPgm3l,"2024-10-25 07:12:10",12,-,"Pagaba $12en luz y me viene la planilla en $44.86 mañana a primera hora me acerco a sus ventanillas y me van a conocer tracalada de INFELICES",,https://scontent.fkul8-2.fna.fbcdn.net/v/t39.30808-1/460851077_3860302880917141_8667209483267489083_n.jpg?stp=cp0_dst-jpg_p64x64&_nc_cat=108&ccb=1-7&_nc_sid=0ecb9b&_nc_ohc=fRBBgk8ANJoQ7kNvgGUYPDT&_nc_zt=24&_nc_ht=scontent.fkul8-2.fna&_nc_gid=ARFns1EcbLXvwEIBmCXsGG2&oh=00_AYD_4r5H9gBEXZHN9MhH7cMAVyrxtW1oF8aoyYpt3BJ_VA&oe=6742B043,,https://www.exportcomments.com/done/8e17d52a-7c28-443b-97dc-72c812831ee0/preview/900925964917382
11,,"Jass Lourido",pfbid0hzXjLgQToK53ZwnhqGcg6F6iQou7fiUogCss7YjUZpfXenit6Hx7EkZ3KqotHeXil,"2024-10-25 07:12:34",22,-,"Por qué mejor no nos dejan sin luz las 24  horas ???",,https://scontent.fkul8-3.fna.fbcdn.net/v/t39.30808-1/440948169_279224878591787_2345270457253076325_n.jpg?stp=cp0_dst-jpg_p64x64&_nc_cat=105&ccb=1-7&_nc_sid=0ecb9b&_nc_ohc=UOm4oYrzF5IQ7kNvgHJVeRT&_nc_zt=24&_nc_ht=scontent.fkul8-3.fna&_nc_gid=ARFns1EcbLXvwEIBmCXsGG2&oh=00_AYBbgB7rXq41dKMw_Oq7ioiHmCEKibL1-szVSo2IoBr1MQ&oe=6742DCCD,,https://www.exportcomments.com/done/8e17d52a-7c28-443b-97dc-72c812831ee0/preview/410803725247131
12,,"María Emilia Rivera",pfbid0iJmYGXSpqN6QXZpVvpN1fmWfSo3YBK9V9Tixqnbyjhwjbg7TXEhz6rRPxAv55Ko3l,"2024-10-25 07:13:05",12,-,"Ya estoy harta fdj",,https://scontent.fkul8-4.fna.fbcdn.net/v/t39.30808-1/459035937_1041486127633126_2591181397125231907_n.jpg?stp=cp0_dst-jpg_s64x64&_nc_cat=100&ccb=1-7&_nc_sid=0ecb9b&_nc_ohc=kjsAxsAX--MQ7kNvgG_2W8f&_nc_zt=24&_nc_ht=scontent.fkul8-4.fna&_nc_gid=ARFns1EcbLXvwEIBmCXsGG2&oh=00_AYAdqaTBMjVsx9J0_HT_oCJMrhOJLN4R1RiWbZN8x2nKwA&oe=6742CEBB,,https://www.exportcomments.com/done/8e17d52a-7c28-443b-97dc-72c812831ee0/preview/864930492287091
13,,"Jass Lourido",pfbid0hzXjLgQToK53ZwnhqGcg6F6iQou7fiUogCss7YjUZpfXenit6Hx7EkZ3KqotHeXil,"2024-10-25 07:13:13",20,-,"AQUÍ  LOS QUE NO VAN A VOTAR POR NOBITA",,https://scontent.fkul8-3.fna.fbcdn.net/v/t39.30808-1/440948169_279224878591787_2345270457253076325_n.jpg?stp=cp0_dst-jpg_p64x64&_nc_cat=105&ccb=1-7&_nc_sid=0ecb9b&_nc_ohc=UOm4oYrzF5IQ7kNvgHJVeRT&_nc_zt=24&_nc_ht=scontent.fkul8-3.fna&_nc_gid=ARFns1EcbLXvwEIBmCXsGG2&oh=00_AYBbgB7rXq41dKMw_Oq7ioiHmCEKibL1-szVSo2IoBr1MQ&oe=6742DCCD,,https://www.exportcomments.com/done/8e17d52a-7c28-443b-97dc-72c812831ee0/preview/907285074878301
14,,"Peter Julio Sala",pfbid02mDc8cdNEfNwBCA2fXfHsDmDekNwjtHGep2udQrfjJnYHyYHvqj4X2syPUXf4ag73l,"2024-10-25 07:15:41",66,-,"Gracias florindos por tanto odio",,https://scontent.fkul8-4.fna.fbcdn.net/v/t39.30808-1/462792604_3005630389600114_1877910822502898716_n.jpg?stp=c355.0.1080.1080a_cp0_dst-jpg_s64x64&_nc_cat=100&ccb=1-7&_nc_sid=0ecb9b&_nc_ohc=MR0kFdLbs2IQ7kNvgHIsinF&_nc_zt=24&_nc_ht=scontent.fkul8-4.fna&_nc_gid=ARFns1EcbLXvwEIBmCXsGG2&oh=00_AYB5B3RyStZXDgC18WOTBX77cfFwePTiT0VZt701GT3ajA&oe=6742D2DB,,https://www.exportcomments.com/done/8e17d52a-7c28-443b-97dc-72c812831ee0/preview/1727408928081794
15,,"Jos Ho-in Usami",pfbid02fpPgjNnc6enezAKh49pfBqMUQo9opSJvtQ1oyyxhRgP2tdehBePgNV1gjkzo2dvbl,"2024-10-25 07:16:46",3,-,"Cómo que toda la tarde sin luz que vaina y una que estudia virtual 💀",,https://scontent.fkul8-5.fna.fbcdn.net/v/t39.30808-1/416099841_771821638110934_721288813669098573_n.jpg?stp=cp0_dst-jpg_s64x64&_nc_cat=102&ccb=1-7&_nc_sid=0ecb9b&_nc_ohc=OyH8KoSthCEQ7kNvgFLvnXB&_nc_zt=24&_nc_ht=scontent.fkul8-5.fna&_nc_gid=ARFns1EcbLXvwEIBmCXsGG2&oh=00_AYCj-IULy2SRK4IuVdztNxG9U-uodF_1iZsT8ulBK62mNQ&oe=6742DE70,,https://www.exportcomments.com/done/8e17d52a-7c28-443b-97dc-72c812831ee0/preview/1587644545162650
16,,"Luis E Galarza",pfbid033uKLDES77DKFiNMnUAHXPubdjebWr16f37CNcYaF7RmXKNmXWx9CfJixD11LtBxJl,"2024-10-25 07:19:23",14,-,"Vrg todo el día sin luz ya valimos carpeta",,https://scontent.fkul8-3.fna.fbcdn.net/v/t39.30808-1/462597538_8355122924586010_7499150259390966939_n.jpg?stp=cp6_dst-jpg_s64x64&_nc_cat=107&ccb=1-7&_nc_sid=0ecb9b&_nc_ohc=6ENtsqjUS48Q7kNvgFocPbx&_nc_zt=24&_nc_ht=scontent.fkul8-3.fna&_nc_gid=ARFns1EcbLXvwEIBmCXsGG2&oh=00_AYBOVYISQ0XY8CdzJ8jXRteNKM2rTqb_oXKLlsL8ZqjvTg&oe=6742B4B4,,https://www.exportcomments.com/done/8e17d52a-7c28-443b-97dc-72c812831ee0/preview/604313902031402
17,,"Fernando Gualpa",pfbid02FW41C8958mQDvbcUwXghFjqqLqCyP3dK2q7jdn2H4xmBbbmZ4XgCJoD6Rq3Lwj2xl,"2024-10-25 07:28:17",7,-,"Ya toca mejor es emigrar con toda la familia a los estados unidos por el Darién no ahí control de los generadores se hacen más dinero 🫰 y el pueblo más pobre por estos ineptos desde moreno ,Lasso y bobita que nunca dieron mantenimiento era para sus amigos empresarios como la electricidad privadas y otras cosas mas",,https://scontent-sof1-2.xx.fbcdn.net/v/t39.30808-1/445568703_1599276304255259_3123278906627234995_n.jpg?stp=cp0_dst-jpg_s64x64&_nc_cat=103&ccb=1-7&_nc_sid=0ecb9b&_nc_ohc=SPb3w23zNDAQ7kNvgGW83wX&_nc_zt=24&_nc_ht=scontent-sof1-2.xx&_nc_gid=AWYzL2p1t1qz-UX0AKGDcgx&oh=00_AYAcjYz43kJFUUqmJK4ERSHVtyOB1Cvbwd5XgQEirBL_nw&oe=6742BB65,,https://www.exportcomments.com/done/8e17d52a-7c28-443b-97dc-72c812831ee0/preview/565823725914316
18,,"Mark Mendoza あ",pfbid0z2zzqQkHWHv6hUN8YUft7ZdvUYsnh8DhPH8XjAEnZbtWvNrM3ezNHPW2knqRck6Ul,"2024-10-25 07:33:20",78,-,"ese 52% destruyeron este país...",,https://scontent.fkul8-3.fna.fbcdn.net/v/t1.30497-1/453178253_471506465671661_2781666950760530985_n.png?stp=cp0_dst-png_s64x64&_nc_cat=1&ccb=1-7&_nc_sid=136b72&_nc_ohc=bYLP8ChJYTYQ7kNvgFnuW_8&_nc_zt=24&_nc_ht=scontent.fkul8-3.fna&_nc_gid=ARFns1EcbLXvwEIBmCXsGG2&oh=00_AYAfxP6fSY4hXfe3_bWYg5BemLsz80FeHor8u_Ul-DLw6A&oe=67644FBA,,https://www.exportcomments.com/done/8e17d52a-7c28-443b-97dc-72c812831ee0/preview/2513808442343556
19,,"James Moran",pfbid0LCrrucNFdgdEzW9MCcmGqB1hovGmXt66amc6VoFCn7shXCZxkv4TrSUjDocJHkHal,"2024-10-25 07:34:42",7,-,"Fuera Noboa, arrepentido de darle el voto a ese infeliz inservible",,https://scontent.fkul8-2.fna.fbcdn.net/v/t39.30808-1/462162474_7870969823004105_8110457126078531464_n.jpg?stp=c152.0.410.412a_cp0_dst-jpg_s64x64&_nc_cat=110&ccb=1-7&_nc_sid=0ecb9b&_nc_ohc=i9BtGfagdTEQ7kNvgF6kG6C&_nc_zt=24&_nc_ht=scontent.fkul8-2.fna&_nc_gid=ARFns1EcbLXvwEIBmCXsGG2&oh=00_AYAyeD60lPSVKPq7N2w0D-8Gaz2jpihp-sULUUlU4xhD7A&oe=6742DB7F,,https://www.exportcomments.com/done/8e17d52a-7c28-443b-97dc-72c812831ee0/preview/1085469389829304
20,,"Charly Astudillo Guerrero",pfbid0xGfs9WZTdHVnbPoTVw7vdtyz9Bpy766impNCfLgMgeZKitqYP78neY3WV3GU5TtKl,"2024-10-25 07:36:34",14,-,"Me imagino que la Isla Mocoli si tiene luz las 24 horas... 😡",,https://scontent.fkul8-2.fna.fbcdn.net/v/t39.30808-1/438807934_10225454295531101_7458472338282646560_n.jpg?stp=cp0_dst-jpg_s64x64&_nc_cat=110&ccb=1-7&_nc_sid=0ecb9b&_nc_ohc=E9srqr4xS2wQ7kNvgGHAiaA&_nc_zt=24&_nc_ht=scontent.fkul8-2.fna&_nc_gid=ARFns1EcbLXvwEIBmCXsGG2&oh=00_AYDNClDzIZ8JzZGNk8ke_DgDJAsnc1fT6FOZhHEzc3RVww&oe=6742DC5C,,https://www.exportcomments.com/done/8e17d52a-7c28-443b-97dc-72c812831ee0/preview/533615882740141
21,,"Genessis Vera",pfbid0YDQJSE4pmy2kJzsbY8Xew94GhRKNGZk7CaoSxCYnuhHpabCg9VFcBZ2qCpgLK6R9l,"2024-10-25 07:40:30",34,-,"Que estamos esperando para poner cartas en el asunto? El pueblo tiene voz también 😤",,https://scontent.fkul8-5.fna.fbcdn.net/v/t39.30808-1/421491840_3514989302087866_8313155532102350175_n.jpg?stp=cp0_dst-jpg_s64x64&_nc_cat=102&ccb=1-7&_nc_sid=0ecb9b&_nc_ohc=5pUDIEZOHzQQ7kNvgEfxBOv&_nc_zt=24&_nc_ht=scontent.fkul8-5.fna&_nc_gid=ARFns1EcbLXvwEIBmCXsGG2&oh=00_AYBeOYg4ygHE90ojKGuWpM6fBIgVflDsEabqkdSIEsUtjA&oe=6742C243,,https://www.exportcomments.com/done/8e17d52a-7c28-443b-97dc-72c812831ee0/preview/536526705985970
22,,"Lanie Castro",pfbid0UnkR7aCn54aDUKWanGcRm82XFp4adBYDQ4QZS3YTucUzAHQt92P1WmJpZUGXbjQql,"2024-10-25 07:41:53",13,-,"UDS SON UNOS SIN VERGUENZAS EN SERIO!!! Y COMO SIEMPRE, YA SE LES HA HECHO COSTUMBRE SUBIR LOS NUEVOS HORARIOS EN HORAS QUE LA MAYORÍA DE LA GENTE YA ESTÁ DURMIENDO PARA QUE NO LOS MANDEN A DONDE YA SABEMOS!!! INEPTOS, INÚTILES! RENUNCIEN EL MEJOR FAVOR QUE NOS PUEDEN HACER.",,https://scontent.fkul8-2.fna.fbcdn.net/v/t39.30808-1/450069936_1855336828284017_110504666710801092_n.jpg?stp=c0.28.586.586a_cp0_dst-jpg_s64x64&_nc_cat=110&ccb=1-7&_nc_sid=0ecb9b&_nc_ohc=Vfk_a88eNWwQ7kNvgHQL3mL&_nc_zt=24&_nc_ht=scontent.fkul8-2.fna&_nc_gid=ARFns1EcbLXvwEIBmCXsGG2&oh=00_AYBNVlgcRquOffYVYZQdzwnnM2JE0uX3JvolHSqCPkiCPw&oe=6742BA78,,https://www.exportcomments.com/done/8e17d52a-7c28-443b-97dc-72c812831ee0/preview/578306564629682
23,,"Genesis Ruseth Suarez",pfbid02cBqNgdf8CgP9nqZW1v8ejr9jWj9BPh6PkdFACRMQR1xC7JoZVupBo81odm2vJYL3l,"2024-10-25 07:58:45",2,-,"Q coraje y la planilla me salio carisimo ami q no me jodan no voy apagar y vengan corte la luz q agua hirviendo le tiro estoy arrecha no se xq cobran si no hay  luz 🤬🤬🤬🤬🤬🤬",,https://scontent-sof1-1.xx.fbcdn.net/v/t39.30808-1/434162090_3638183759757010_7242224351075700077_n.jpg?stp=c0.0.612.612a_cp0_dst-jpg_s64x64&_nc_cat=105&ccb=1-7&_nc_sid=0ecb9b&_nc_ohc=6-BionN2ahQQ7kNvgEqpM54&_nc_zt=24&_nc_ht=scontent-sof1-1.xx&_nc_gid=AWYzL2p1t1qz-UX0AKGDcgx&oh=00_AYCnunWKrG9dll8mT6XJ634REnRUtk9o_qJhamsgUPTKew&oe=6742C743,,https://www.exportcomments.com/done/8e17d52a-7c28-443b-97dc-72c812831ee0/preview/541790722120534
24,,"Edwin Javier López",pfbid0WkyyXZf39HRcPqMnJpfQ113Zp5RwyxbvS76zMna84ZmuDmyMPsbGE8Eh8tvu2tiyl,"2024-10-25 08:08:23",6,-,"Viva el Ecuador del inepto del cartón , el ecuador del 52%, el cartón cuando ve la cosa sería sale y habla mentiras analicen , seguido de los sinvergüenzas ministros",,https://scontent.fkul8-2.fna.fbcdn.net/v/t39.30808-1/332568169_1335812780596728_8064616611125394798_n.jpg?stp=cp0_dst-jpg_s64x64&_nc_cat=108&ccb=1-7&_nc_sid=0ecb9b&_nc_ohc=VVYMZA-HvHkQ7kNvgETLTKG&_nc_zt=24&_nc_ht=scontent.fkul8-2.fna&_nc_gid=ARFns1EcbLXvwEIBmCXsGG2&oh=00_AYBqDXlKkSrYvplKJiFAvqjtpvZguh-R__bNmkDGpZPitw&oe=6742CAC6,,https://www.exportcomments.com/done/8e17d52a-7c28-443b-97dc-72c812831ee0/preview/1060346965770291
25,,"Edwin Javier López",pfbid0WkyyXZf39HRcPqMnJpfQ113Zp5RwyxbvS76zMna84ZmuDmyMPsbGE8Eh8tvu2tiyl,"2024-10-25 08:08:39",21,-,"Estamos peor que cuba o Venezuela",,https://scontent.fkul8-2.fna.fbcdn.net/v/t39.30808-1/332568169_1335812780596728_8064616611125394798_n.jpg?stp=cp0_dst-jpg_s64x64&_nc_cat=108&ccb=1-7&_nc_sid=0ecb9b&_nc_ohc=VVYMZA-HvHkQ7kNvgETLTKG&_nc_zt=24&_nc_ht=scontent.fkul8-2.fna&_nc_gid=ARFns1EcbLXvwEIBmCXsGG2&oh=00_AYBqDXlKkSrYvplKJiFAvqjtpvZguh-R__bNmkDGpZPitw&oe=6742CAC6,,https://www.exportcomments.com/done/8e17d52a-7c28-443b-97dc-72c812831ee0/preview/1541186013434004
26,,"Luis Pi",pfbid04q3tvdCeZxFtyQxqL7vHjsokNXuvaCpFwT1DEAfaPB7VeEtWhyYUQwpFZJ1k2sTEl,"2024-10-25 08:11:07",64,-,"ADELANTE ELECCIONES URGENTE el pais no aguanta más donde están las marchas de la izquierda y demás partidos políticos NO HAY TRABAJO DESEMPLEO, LOS ELECTRÓNICOS DAÑÁNDOSE sino salen a las protestas este país no llegará a fin de año nisiquiera a Navidad ESTAREMOS HUNDIDOS Y DESTRUIDOS ECONÓMICAMENTE",,https://scontent.fkul8-5.fna.fbcdn.net/v/t39.30808-1/448843987_1495996077670105_1599106244894813296_n.jpg?stp=c0.0.240.240a_cp0_dst-jpg_s64x64&_nc_cat=102&ccb=1-7&_nc_sid=0ecb9b&_nc_ohc=2EmGhHxcQrsQ7kNvgFbViJF&_nc_zt=24&_nc_ht=scontent.fkul8-5.fna&_nc_gid=ARFns1EcbLXvwEIBmCXsGG2&oh=00_AYBnyH9GuBtE_uucQ3n9yKsPlJ_the5c1vQIw0h-OHd-hg&oe=6742D8AC,,https://www.exportcomments.com/done/8e17d52a-7c28-443b-97dc-72c812831ee0/preview/8486203468164467
27,,"Katherine Gavilanez",100001188875130,"2024-10-25 08:24:08",5,-,"Lo bueno de la confusión de horarios, es que las empresas de internet se olvidaron de apagar la señal porque ahí si bien que confusiona. Todo está atado a la estafa para el pueblo y las planillas de todo siguen altas.",,https://scontent.fkul8-3.fna.fbcdn.net/v/t39.30808-1/415085241_6892863830763178_2138642844497509121_n.jpg?stp=cp0_dst-jpg_p64x64&_nc_cat=104&ccb=1-7&_nc_sid=50d2ac&_nc_ohc=kOKxVI277vYQ7kNvgGyp545&_nc_zt=24&_nc_ht=scontent.fkul8-3.fna&_nc_gid=ARFns1EcbLXvwEIBmCXsGG2&oh=00_AYCeGgGFEwTHM5GQCuoz3A1Dq3V75QSbmLCyxiO3SAJ4xQ&oe=6742AD72,,https://www.exportcomments.com/done/8e17d52a-7c28-443b-97dc-72c812831ee0/preview/1481906445829645
28,,"Rodas Freddezi Valeska",100010196655486,"2024-10-25 08:26:18",0,-,"Alguien que pueda ver. El horario de milagro sector naranjal km 15 que me pase información por favor no tengo datos 🥺🙏",,https://scontent-sof1-1.xx.fbcdn.net/v/t39.30808-1/465030451_2334191193597413_5585859362515488425_n.jpg?stp=cp0_dst-jpg_s64x64&_nc_cat=106&ccb=1-7&_nc_sid=50d2ac&_nc_ohc=Z9f7XRe1uLsQ7kNvgHoqASl&_nc_zt=24&_nc_ht=scontent-sof1-1.xx&_nc_gid=AWYzL2p1t1qz-UX0AKGDcgx&oh=00_AYAa9e-g9MD24SOLw6IWx-XicPtCVFqDdHaGWOPSWHQxRQ&oe=6742BB6F,,https://www.exportcomments.com/done/8e17d52a-7c28-443b-97dc-72c812831ee0/preview/530101189888154
29,,"Sñt Moreira",pfbid02rLmRnrMtv8rxHyDUJtJeXkv8BXjiHjZrDDETKw1wr7W473fGzBHTaDYSmhTpcEynl,"2024-10-25 08:47:35",24,-,"Ecuador país donde hayAlto en sicariatos Medio en luz No contiene seguridadGracias mi querido presidente se nota lo que dijo que Hiba hacer🤨",,https://scontent.fkul8-3.fna.fbcdn.net/v/t1.30497-1/453178253_471506465671661_2781666950760530985_n.png?stp=cp0_dst-png_s64x64&_nc_cat=1&ccb=1-7&_nc_sid=136b72&_nc_ohc=bYLP8ChJYTYQ7kNvgFnuW_8&_nc_zt=24&_nc_ht=scontent.fkul8-3.fna&_nc_gid=ARFns1EcbLXvwEIBmCXsGG2&oh=00_AYAfxP6fSY4hXfe3_bWYg5BemLsz80FeHor8u_Ul-DLw6A&oe=67644FBA,,https://www.exportcomments.com/done/8e17d52a-7c28-443b-97dc-72c812831ee0/preview/1584326335493036
30,,"Jonathan Velecela",pfbid0Q6AGCUkD28eiPxALeimRjt7PqyLKRjJUVuGrApCHk7R8YPyG1vDvfSdXzvN945Pjl,"2024-10-25 09:05:50",34,-,"Yo pienso que ya mejor digan a que horas no más va haber luz, esos Cortes están demasiado lampara",,https://scontent.fkul8-5.fna.fbcdn.net/v/t39.30808-1/458196547_3813130492258277_6701175922864393570_n.jpg?stp=cp0_dst-jpg_s64x64&_nc_cat=111&ccb=1-7&_nc_sid=0ecb9b&_nc_ohc=MPcK6S_cwVwQ7kNvgEEcVKo&_nc_zt=24&_nc_ht=scontent.fkul8-5.fna&_nc_gid=ARFns1EcbLXvwEIBmCXsGG2&oh=00_AYDOfvUffLkxuzWmy7JmporTw5tIBtqz5TY_sFA8QptIdQ&oe=6742BCC3,,https://www.exportcomments.com/done/8e17d52a-7c28-443b-97dc-72c812831ee0/preview/1520118938691649
31,,"Bryan Fercho",pfbid0DBcgRrxfk4PMDhy1h9YNq2VwmWfPGMJQZfimRjp3QV44Bp1jdZi5RzZrqDqCPWe5l,"2024-10-25 09:08:13",4,-,"Por qué cortan la luz si cambiaron de horarios en el sector de Conocoto tenía que irse a las 07:00 am",,https://scontent-sof1-2.xx.fbcdn.net/v/t1.6435-1/107904644_3158534570890925_277416610211898707_n.jpg?stp=cp0_dst-jpg_s64x64&_nc_cat=103&ccb=1-7&_nc_sid=0ecb9b&_nc_ohc=p64x8BqlDTUQ7kNvgFweiJ6&_nc_zt=24&_nc_ht=scontent-sof1-2.xx&_nc_gid=AWYzL2p1t1qz-UX0AKGDcgx&oh=00_AYA8XmfKLIYM9OwtJerkB42t-7EGslj9sMt5oNi7QWxD1Q&oe=67644B1D,,https://www.exportcomments.com/done/8e17d52a-7c28-443b-97dc-72c812831ee0/preview/557993873381552
32,,"Gabriela Consentida",pfbid035B2w3GX5bamxAR9VJVv11M398Hh4mmeK7h1ocREAa4fRoMSETUfykQBtDdPf6ETxl,"2024-10-25 09:47:19",0,-,"4 horas al día con luz eso es injusto",,https://scontent-sof1-2.xx.fbcdn.net/v/t39.30808-1/348331728_262259723026912_2391373734510707802_n.jpg?stp=cp0_dst-jpg_s64x64&_nc_cat=108&ccb=1-7&_nc_sid=0ecb9b&_nc_ohc=Ji0mOuHpZxEQ7kNvgE4L9X1&_nc_zt=24&_nc_ht=scontent-sof1-2.xx&_nc_gid=AWYzL2p1t1qz-UX0AKGDcgx&oh=00_AYBKzA6IMPznabtJctVjtgjs4ppKs07Jsnq69o-Cam0XTw&oe=6742BE18,,https://www.exportcomments.com/done/8e17d52a-7c28-443b-97dc-72c812831ee0/preview/448765838232682
33,,"Lisseth Cantos Suárez",pfbid034P4DSi8ruzSZo8VFgJErxkDXGRjyrzzJjwXsF7r4QjrXCroX6BAo9WJaMZ3PzChXl,"2024-10-25 09:52:25",9,-,"En que parte entregamos el medidor mejor",,https://scontent.fkul8-2.fna.fbcdn.net/v/t39.30808-1/454491926_7829526203824439_1989355710738908588_n.jpg?stp=cp0_dst-jpg_s64x64&_nc_cat=110&ccb=1-7&_nc_sid=0ecb9b&_nc_ohc=FtX_DoZPSl0Q7kNvgHTby73&_nc_zt=24&_nc_ht=scontent.fkul8-2.fna&_nc_gid=ARFns1EcbLXvwEIBmCXsGG2&oh=00_AYC7PJP0CHWrO3Aa1l8wL2xZF3L7JRtv90u_G_sqn7PJpQ&oe=6742C92D,,https://www.exportcomments.com/done/8e17d52a-7c28-443b-97dc-72c812831ee0/preview/904706784465372
34,,"Titi Andrea Espinoza",pfbid0E87SSzaCzsy4vfu4N5MPBXxPLtWEzu2yN1fsKQYMxsD5tVaMYUUGbBcrdSoMCR98l,"2024-10-25 10:09:14",90,-,"Cosas que solo con el nuevo presidente pasan, ojalá el pueblo ya con esto vea por quién va a votar en las sgtes elecciones",,https://scontent.fupg6-1.fna.fbcdn.net/v/t39.30808-1/456856340_1271222390530666_9085446937217012499_n.jpg?stp=c0.37.1078.1078a_cp0_dst-jpg_s64x64&_nc_cat=107&ccb=1-7&_nc_sid=0ecb9b&_nc_ohc=y3gGdIe1FLwQ7kNvgEy2Qw3&_nc_zt=24&_nc_ht=scontent.fupg6-1.fna&_nc_gid=AlwzFt15-wNI-E31hW_afNQ&oh=00_AYAlAPPnbqisI0d9k1_4SURBiceb2PwnOtagV0StR-boww&oe=6742E03D,,https://www.exportcomments.com/done/8e17d52a-7c28-443b-97dc-72c812831ee0/preview/1078886767162945
35,,"Cecibel Corella",pfbid0SaKQwEdpJmtJsKd3YJrtyoS81JAc3RK5Mewi6pHFFkYwcpRwYpmrdapcVgRNBXJHl,"2024-10-25 10:09:42",241,-,"Debe haber equidad en los cortes de luz, hay sectores en donde no se va la luz y no tienen nada de hospitales, cárceles, etc. Y en otros sectores se cumple a raja tabla los horarios .",,https://scontent.fupg6-1.fna.fbcdn.net/v/t39.30808-1/334033608_1138391450174398_1043553680550224991_n.jpg?stp=cp0_dst-jpg_s64x64&_nc_cat=100&ccb=1-7&_nc_sid=0ecb9b&_nc_ohc=LxOrpNnkXPwQ7kNvgEmP9xO&_nc_zt=24&_nc_ht=scontent.fupg6-1.fna&_nc_gid=AlwzFt15-wNI-E31hW_afNQ&oh=00_AYC56ko3ob6WVtkkc2hvQ0n9uVF3NSunrU4rYscY-2D9kA&oe=6742D51C,,https://www.exportcomments.com/done/8e17d52a-7c28-443b-97dc-72c812831ee0/preview/908562904025868
36,,"Alexis Velez Herrera",pfbid02cHWkbAuQUkmzCn1d1XURWiEnP3Q1d494NJrpJhUjNiMewqzDa2ELeTqvc4aVUcAtl,"2024-10-25 10:40:16",40,-,"Esto ya es demasiado y no digan que es porque no llueve no han planificado nada prometen cosas absurdas y luego solo nos cambian los horarios y estás planillas llegan de 100 y más cuando ni siquiera hay energía 😡",,https://scontent.fkul8-3.fna.fbcdn.net/v/t39.30808-1/432885566_7415491318541905_2214648003858045655_n.jpg?stp=cp0_dst-jpg_p64x64&_nc_cat=107&ccb=1-7&_nc_sid=0ecb9b&_nc_ohc=u2RWB23oU0wQ7kNvgFGhuBV&_nc_zt=24&_nc_ht=scontent.fkul8-3.fna&_nc_gid=ARFns1EcbLXvwEIBmCXsGG2&oh=00_AYD61ho4rCNALisOg42dw_S6oW6b18raSTnVILTExN_ptw&oe=6742B152,,https://www.exportcomments.com/done/8e17d52a-7c28-443b-97dc-72c812831ee0/preview/1055157042772060
37,,"Eduardo Apolo",pfbid02jDBtYapV26yEprKunzhkqTGbzEUyNV58jEabxhsVunRH47R3RTYP73EF6mWXc7JHl,"2024-10-25 10:54:37",28,-,"Mejor pidamos con fé a nuestro Dios que ya vengan las lluvias y así los ríos aumenten sus caudales xq mientras más sequía tengamos peor van hacer los cortes de luz y falta de mantenimiento de las hidroeléctricas esto se pondrá peor 😓",,https://scontent.fkul8-1.fna.fbcdn.net/v/t39.30808-1/464184678_558949640117742_7335061194225462633_n.jpg?stp=cp0_dst-jpg_s64x64&_nc_cat=103&ccb=1-7&_nc_sid=0ecb9b&_nc_ohc=A326zmLwpsYQ7kNvgFjmSWX&_nc_zt=24&_nc_ht=scontent.fkul8-1.fna&_nc_gid=ARFns1EcbLXvwEIBmCXsGG2&oh=00_AYC0vQ8WtZgzEiJl40Q5LHnsZSE_jVAVkXGcS5P501brpg&oe=6742D8FA,,https://www.exportcomments.com/done/8e17d52a-7c28-443b-97dc-72c812831ee0/preview/1367169687583950
38,,"Juan Rodríguez",pfbid0t1xwPgcaSSmGg47JSwMzdxo1QBWjH3WJ9Gv5MursReZh6uFGBPYSq28yDoFgdQVrl,"2024-10-25 10:55:18",28,-,"La ministra de energía diciendo que ellos no tienen la culpa, que es porque no llueve y hay sequía.Aaaa Entonces las termoeléctrica están como nuevecitas, la barcaza esta dando el 120% de su capacidad. El gobierno no tiene la culpa ajá",,https://scontent.fkul8-5.fna.fbcdn.net/v/t39.30808-1/456384725_1033263658328763_5894484340951144658_n.jpg?stp=cp0_dst-jpg_s64x64&_nc_cat=111&ccb=1-7&_nc_sid=0ecb9b&_nc_ohc=qUhYny7ip1QQ7kNvgHHL0a5&_nc_zt=24&_nc_ht=scontent.fkul8-5.fna&_nc_gid=ARFns1EcbLXvwEIBmCXsGG2&oh=00_AYAEUdeAx8YGb_EspMZ4EBYWkxcfd8Lo2NtDneeowTjnjQ&oe=6742B610,,https://www.exportcomments.com/done/8e17d52a-7c28-443b-97dc-72c812831ee0/preview/1077133613785580
39,,"Marlene Ortiz Mora",pfbid02vgc4YCnBjgYrfoQWjY9mGDVUwfedsDr9hHcFEg3rUxWP3RdceaSwhooP9uS6fpNYl,"2024-10-25 10:58:52",7,-,"Y para q pusieron los horarios hasta el 10 de noviembre si ahora los cambian otra vez",,https://scontent.fkul8-2.fna.fbcdn.net/v/t39.30808-1/322634040_6045642435485861_5346211595640490046_n.jpg?stp=cp0_dst-jpg_s64x64&_nc_cat=106&ccb=1-7&_nc_sid=0ecb9b&_nc_ohc=IhpC41Uvr-YQ7kNvgFEfr-X&_nc_zt=24&_nc_ht=scontent.fkul8-2.fna&_nc_gid=ARFns1EcbLXvwEIBmCXsGG2&oh=00_AYDnbGm58B2W9-dfYRxMtRbch3VRtl0r6zQY38WEqfwZGw&oe=6742DBC5,,https://www.exportcomments.com/done/8e17d52a-7c28-443b-97dc-72c812831ee0/preview/1258680175554747
40,,"Cisa Michelle",pfbid01EEw189ZXTE5NBqreExxVTpz36qj2xFdzCxzxJ1KoFAybJBHPWLwHzGqTTkshgGwl,"2024-10-25 11:08:43",2,-,"Porque se fue la luz 2 horas antes de lo previsto??",,https://scontent-sof1-2.xx.fbcdn.net/v/t39.30808-1/329006692_734195231424879_1402530737341867825_n.jpg?stp=cp0_dst-jpg_s64x64&_nc_cat=103&ccb=1-7&_nc_sid=0ecb9b&_nc_ohc=av1OL7_uFicQ7kNvgFTXd32&_nc_zt=24&_nc_ht=scontent-sof1-2.xx&_nc_gid=AWYzL2p1t1qz-UX0AKGDcgx&oh=00_AYCq1OOZci2F6HpRt9sMHmsfMv9O9aH2sxlhwwxDap2ZeQ&oe=6742C1B9,,https://www.exportcomments.com/done/8e17d52a-7c28-443b-97dc-72c812831ee0/preview/1518368752382073
41,,"Patty Chancay Cedeño",pfbid02r68fvvsCMd6BWFFKub9zCJ4FaJQuSCLPCHVdUTXJzFrCm5HzLJrsKFByeEBSxHVzl,"2024-10-25 11:13:16",20,-,"14 horas sin energía. Son una vergüenza",,https://scontent.fkul8-2.fna.fbcdn.net/v/t39.30808-1/311588289_10225136137101925_2677197701198095340_n.jpg?stp=cp0_dst-jpg_s64x64&_nc_cat=108&ccb=1-7&_nc_sid=0ecb9b&_nc_ohc=-dfYDkK4rwIQ7kNvgF7N16d&_nc_zt=24&_nc_ht=scontent.fkul8-2.fna&_nc_gid=ARFns1EcbLXvwEIBmCXsGG2&oh=00_AYAdn_Aq9645ooh4wMF8_n2R_ATZbi5HmAEbx4KxGI8p6g&oe=6742D1C2,,https://www.exportcomments.com/done/8e17d52a-7c28-443b-97dc-72c812831ee0/preview/1547272939226485
42,,"Marjorie Loor Aspiazu",pfbid02Sp5ThYqFrJ28cSaZS9XNQmw6yxYuDqPQr1udNreAjodEs8GmyjaH4sShGXLSuoXFl,"2024-10-25 11:14:37",3,-,"Vamos de mal en peor 🥺🥺",,https://scontent-sof1-2.xx.fbcdn.net/v/t39.30808-1/466940484_3451632848474197_5677447848568088058_n.jpg?stp=cp0_dst-jpg_p64x64&_nc_cat=108&ccb=1-7&_nc_sid=0ecb9b&_nc_ohc=3512lwdN3hQQ7kNvgGUa5uc&_nc_zt=24&_nc_ht=scontent-sof1-2.xx&_nc_gid=AWYzL2p1t1qz-UX0AKGDcgx&oh=00_AYAuwwaixbskYAHBQ_btrJziSBABfxtHH06iiR0xCWVtVg&oe=6742DBA5,,https://www.exportcomments.com/done/8e17d52a-7c28-443b-97dc-72c812831ee0/preview/938190598177346
43,,"Adrian GT",pfbid0DcjYUUYqGZzAXR2nG5zU1urD5dtuNdR3FMw2vHXr1J3Pa5MVoua1GaSYEW1WvxKZl,"2024-10-25 11:17:55",30,-,"Me hago la preguntaAcaso estarán buscando algunas soluciones alternativas O solo estarán esperando a q llueva para volver a tener energía eléctrica? 😳A los pequeños productores esto nos está pegando fuerte. Necesitamos energía para poder producir.",,https://scontent.fkul8-2.fna.fbcdn.net/v/t39.30808-1/438165444_7287220388042028_4296731856193093074_n.jpg?stp=cp0_dst-jpg_s64x64&_nc_cat=106&ccb=1-7&_nc_sid=0ecb9b&_nc_ohc=ICfJVbeh0BcQ7kNvgE5n_JN&_nc_zt=24&_nc_ht=scontent.fkul8-2.fna&_nc_gid=ARFns1EcbLXvwEIBmCXsGG2&oh=00_AYDQc_61N6ELCHyu3wRvujJzfYgCk19Rq7dTdsuJl5MJNQ&oe=6742D176,,https://www.exportcomments.com/done/8e17d52a-7c28-443b-97dc-72c812831ee0/preview/1113304826856436
44,,"Arlene Acosta",pfbid02KCYM2ASST9ChfZMWtq6J7j9ZKLoULjQ2urXuAQTm6ku9UCMmBtoZW1vpc4RukVKLl,"2024-10-25 11:18:11",3,-,"En Huancavilca sur el corte es de 4h00 a 9h00 y de 12h00 a 17h00 según el nuevo horario y no tenemos luz a las 6h17 que pasa 😡",,https://scontent-sof1-2.xx.fbcdn.net/v/t39.30808-1/451165668_2808417826001469_5153028903918965413_n.jpg?stp=cp0_dst-jpg_s64x64&_nc_cat=108&ccb=1-7&_nc_sid=0ecb9b&_nc_ohc=9pWDaO0Z5zgQ7kNvgHabPlz&_nc_zt=24&_nc_ht=scontent-sof1-2.xx&_nc_gid=AWYzL2p1t1qz-UX0AKGDcgx&oh=00_AYAGLZFFwln1pyGSpXXFIY4rDNhBariSMdoR99MDVB-1sw&oe=6742DD95,,https://www.exportcomments.com/done/8e17d52a-7c28-443b-97dc-72c812831ee0/preview/845099394459895
45,,"Alicia Palacios",pfbid026FB9Kos1Gg6idtSEtJzwP2YdLiAEFrYQ6UceAYC4MW5LukoDqyT8jikE6pYiCXqHl,"2024-10-25 11:26:22",14,-,"Lo peor de la situación es que vamos a pasar mas tiempo sin energia pero las planillas salen como que si consumimos energia las 24 horas del dia oh esta mucho peor que revientan esas planillas esto ya se esta saliendo de control 🤔🤔",,https://scontent.fkul8-5.fna.fbcdn.net/v/t39.30808-1/451204967_1683390775569142_3075272829016359041_n.jpg?stp=c0.0.589.589a_cp0_dst-jpg_s64x64&_nc_cat=102&ccb=1-7&_nc_sid=0ecb9b&_nc_ohc=fBdxHvMFqtYQ7kNvgHVk6au&_nc_zt=24&_nc_ht=scontent.fkul8-5.fna&_nc_gid=ARFns1EcbLXvwEIBmCXsGG2&oh=00_AYDZbfBPlVnDBzorGVwoRbcxcdF2UlqAtR_o0JidifY03g&oe=6742CD7F,,https://www.exportcomments.com/done/8e17d52a-7c28-443b-97dc-72c812831ee0/preview/579118547979382
46,,"Lilibeth Bella Quijije",pfbid027SxfW5VtfCPH2RN6YFDMZnbURLd78rPBSfKAskRKXDGHVPqKeCaMd6vQJwc9K87bl,"2024-10-25 11:34:14",188,-,"Correistas o Florindos como dicen entienda gente ustedes piensan que el presidente tiene súper poder para que llueva porfavor dejen de acusar a cualquier solo recapaciten tanto como un presidente tras otro a dejado dañado, endeudado, a el país todos son culpables ahora hay que buscar soluciones por Dios no sacan nada con peliar Correistas o Florindos da igual todos viven en este mismo pais",,https://scontent.fkul8-5.fna.fbcdn.net/v/t39.30808-1/396280741_2658277900986977_2563131832386401625_n.jpg?stp=cp0_dst-jpg_p64x64&_nc_cat=102&ccb=1-7&_nc_sid=0ecb9b&_nc_ohc=O1E4InSi7DsQ7kNvgEdWi6d&_nc_zt=24&_nc_ht=scontent.fkul8-5.fna&_nc_gid=ARFns1EcbLXvwEIBmCXsGG2&oh=00_AYAgEXw-YW9DC6AB7trdToqoDoQRzR3e14EXNLkgZh7QIQ&oe=6742CBAA,,https://www.exportcomments.com/done/8e17d52a-7c28-443b-97dc-72c812831ee0/preview/2266365537066604
47,,"Maria Del Carmen Monforte Gonzalo",pfbid031J4WTmmM9y6t7kZXMorcjynjUGBBV84SzdQQJM5T3czg1TbfmgVh4bBHcc4V9Q2bl,"2024-10-25 11:35:22",63,-,"Esto parece que lo hacen ya para generar el mal estar de los ciudadanos. Como nos informan en la madruga de este cambio sin darnos opción a organizar a trabajadores y la propia organización de uno. Deberían al menos hoy respetar lo que ya había e iniciar mañana porque es mucho el dinero que nos hacen perder.Saludos",,https://scontent.fkul8-3.fna.fbcdn.net/v/t1.30497-1/453178253_471506465671661_2781666950760530985_n.png?stp=cp0_dst-png_s64x64&_nc_cat=1&ccb=1-7&_nc_sid=136b72&_nc_ohc=bYLP8ChJYTYQ7kNvgFnuW_8&_nc_zt=24&_nc_ht=scontent.fkul8-3.fna&_nc_gid=ARFns1EcbLXvwEIBmCXsGG2&oh=00_AYAfxP6fSY4hXfe3_bWYg5BemLsz80FeHor8u_Ul-DLw6A&oe=67644FBA,,https://www.exportcomments.com/done/8e17d52a-7c28-443b-97dc-72c812831ee0/preview/8357794541016105
48,,"Katty Vera Ortega",pfbid0n3zEfdcZMzfELb9EHBcW7zDb93y9g3eaBhQmm9nWujZYB8ZFRERB1T1knzA348sWl,"2024-10-25 12:06:54",135,-,"Bienvenidos al nuevo Ecuador 🤬🤬🤬🤬 mil gracias florindos",,https://scontent.fupg6-1.fna.fbcdn.net/v/t39.30808-1/432774048_7298796200198512_3791735236312181174_n.jpg?stp=cp0_dst-jpg_s64x64&_nc_cat=105&ccb=1-7&_nc_sid=0ecb9b&_nc_ohc=zhP8VEHNhBUQ7kNvgF7kcTJ&_nc_zt=24&_nc_ht=scontent.fupg6-1.fna&_nc_gid=AlwzFt15-wNI-E31hW_afNQ&oh=00_AYBoHOjYq1zUj9QRz0ruRdOffS7hJlRWR2Kq8EPUXlTtEw&oe=6742E1DF,,https://www.exportcomments.com/done/8e17d52a-7c28-443b-97dc-72c812831ee0/preview/535090689220361
49,,"BeVe BuPa",pfbid02CRiH5Af777qqDUegVQnH4LueC2QEch5KuPD6nvNd4eZRuMCy8s4xNzWxNDSvSXVxl,"2024-10-25 12:20:27",0,-,"Ecuador país alto en Delicuentes Bajo en Energía No tiene Seguridad, no hay presidente con los pantalones bien puesto cada día estamos peor...",,https://scontent-sof1-1.xx.fbcdn.net/v/t39.30808-1/464149813_3921069421549269_1303218823315709569_n.jpg?stp=cp0_dst-jpg_s64x64&_nc_cat=101&ccb=1-7&_nc_sid=0ecb9b&_nc_ohc=_OcPhkRzn7YQ7kNvgHPbCRI&_nc_zt=24&_nc_ht=scontent-sof1-1.xx&_nc_gid=AWYzL2p1t1qz-UX0AKGDcgx&oh=00_AYBqt0lNwPkKREyHw1xioPdxWMfBFzNN4LWFuupyuKoMAw&oe=6742D3FB,,https://www.exportcomments.com/done/8e17d52a-7c28-443b-97dc-72c812831ee0/preview/1199711101116015
50,,"Pedro RG",pfbid085f32ddRrtpAKtxz7LkkvjbqFuv9yMuN8NB5fuVXo5C8ZiMJhGfbTF8gsGYU4utpl,"2024-10-25 12:22:51",1,-,"clásica.... a ultima hora nos incrementan los horarios de cortes junto con el valor de las planillas.... y OJO.. todo esto es gracias a la ""MEJORA DE LAS CONDICIONES HIDROLOGICAS""... es vez de reducir los cortes, los aumentan......",,https://scontent-sof1-1.xx.fbcdn.net/v/t39.30808-1/442425242_7459571754111506_4314319098615724233_n.jpg?stp=cp0_dst-jpg_s64x64&_nc_cat=102&ccb=1-7&_nc_sid=0ecb9b&_nc_ohc=ea8lWpXZdWUQ7kNvgGVonxE&_nc_zt=24&_nc_ht=scontent-sof1-1.xx&_nc_gid=AWYzL2p1t1qz-UX0AKGDcgx&oh=00_AYBgCLAsGozqXSQcAwboKHsj8Bgx9FAizsxuxNCjz01_4g&oe=6742B418,,https://www.exportcomments.com/done/8e17d52a-7c28-443b-97dc-72c812831ee0/preview/888822833458957
51,,"Kevin Hernandez",pfbid02ZRd87KTkHPKhHbbnwBKYekGXSP5kD9fgnox8TxomRMk2VApeHgwKPTaxJpcyKtK5l,"2024-10-25 12:27:32",20,-,"Que lindo como resuelve el presidente frente de aeropuerto 🫠",,https://scontent.fkul8-3.fna.fbcdn.net/v/t39.30808-1/438095730_3783194451962220_6662336906401250408_n.jpg?stp=cp0_dst-jpg_s64x64&_nc_cat=107&ccb=1-7&_nc_sid=0ecb9b&_nc_ohc=CJeHgVYIRLQQ7kNvgFM_Dj1&_nc_zt=24&_nc_ht=scontent.fkul8-3.fna&_nc_gid=ARFns1EcbLXvwEIBmCXsGG2&oh=00_AYCjx0MXnviTP5rtlyIN1-q7ubJb6t34VawJ-dKaCp6Z3Q&oe=6742C763,,https://www.exportcomments.com/done/8e17d52a-7c28-443b-97dc-72c812831ee0/preview/1215192979766648
52,,"Brayan Francisco Zambrano",pfbid02W7rHuS9W4nyinok1pHJfXqSUFFjZJhRTtagkvkDa65THBLknWVGvdsKWfLiyKssal,"2024-10-25 12:37:21",2,-,"Y las planillas siguen iguales o mas altas😡😡  es absurdo.",,https://scontent-sof1-2.xx.fbcdn.net/v/t39.30808-1/329425731_1574639846377481_4998239735158551741_n.jpg?stp=cp0_dst-jpg_s64x64&_nc_cat=103&ccb=1-7&_nc_sid=0ecb9b&_nc_ohc=B3MABbCvGgUQ7kNvgEjqYh2&_nc_zt=24&_nc_ht=scontent-sof1-2.xx&_nc_gid=AWYzL2p1t1qz-UX0AKGDcgx&oh=00_AYCrhpzgopNNL6_8WWPe1Hq3El51dCDgw24rqGNzllk9gA&oe=6742B8BA,,https://www.exportcomments.com/done/8e17d52a-7c28-443b-97dc-72c812831ee0/preview/539176392210837
53,,"Alejandro PS",pfbid0xa9LPwKQAVLPkWHWtjprTN1Ug1ZZa2XYZRJeNTw8Q2Ti3E9ZtoRTwJw5m1ju5YaGl,"2024-10-25 13:00:45",13,-,"Ya por que mejor nos dejan sin luz, son 14 horas, no me alcanza ni el tiempo para los estudios, si van a seguir así deberían pasar comunicado de suspender clases universitarias, hay deberes que necesitan de conexión a Internet y así no se puede, si prácticamente pasamos ya sin luz todo el santo día😢",,https://scontent.fkul8-1.fna.fbcdn.net/v/t39.30808-1/462120431_3588200064805488_4259648523017806435_n.jpg?stp=cp0_dst-jpg_s64x64&_nc_cat=109&ccb=1-7&_nc_sid=0ecb9b&_nc_ohc=L2N2CdxKYOUQ7kNvgGzpjHM&_nc_zt=24&_nc_ht=scontent.fkul8-1.fna&_nc_gid=ARFns1EcbLXvwEIBmCXsGG2&oh=00_AYA33rKxLkuaH7w0vzN7fTTEJFjAjbDlJnXcxraW1H1bxQ&oe=6742CA79,,https://www.exportcomments.com/done/8e17d52a-7c28-443b-97dc-72c812831ee0/preview/860664422890932
54,,"Alexandra Parraga",100008680992359,"2024-10-25 13:07:47",3,-,"De haber sabido que Ecuador iba a estar así, bien hubiera emigrado a otro país y no estuviera aquí con este país de a verg*",,https://scontent-sof1-1.xx.fbcdn.net/v/t39.30808-1/454618230_3426838187615514_422337105109938792_n.jpg?stp=cp0_dst-jpg_s64x64&_nc_cat=105&ccb=1-7&_nc_sid=50d2ac&_nc_ohc=qKiHnTXB5QAQ7kNvgF0rMj6&_nc_zt=24&_nc_ht=scontent-sof1-1.xx&_nc_gid=AWYzL2p1t1qz-UX0AKGDcgx&oh=00_AYCTaEHLBPTNf068-DML7lJuIZNlfKtO_mH33N7uJkL5Ng&oe=6742DD3D,,https://www.exportcomments.com/done/8e17d52a-7c28-443b-97dc-72c812831ee0/preview/1575919303305804
55,,"Maria Beatriz Vera",pfbid02GezqR89pPGXEm9WgSqCTfsaEA5rS3dWbgNk5CYHF6MHqdp7fdJcPHozJcCSjeUUZl,"2024-10-25 13:09:29",2,-,"Por favor hasta volver a organizarnos dejen el horario ya establecido hoy y mañana ya el lunes empiezen. Uno se organiza ya en esos horarios y otra vez y así no se puede. Dejen un solo horario",,https://scontent-sof1-2.xx.fbcdn.net/v/t39.30808-1/451207260_3728475964092113_774327577638420872_n.jpg?stp=cp0_dst-jpg_s64x64&_nc_cat=111&ccb=1-7&_nc_sid=0ecb9b&_nc_ohc=PDM6m5eVM4sQ7kNvgF2g7v4&_nc_zt=24&_nc_ht=scontent-sof1-2.xx&_nc_gid=AWYzL2p1t1qz-UX0AKGDcgx&oh=00_AYDLl7z2aRDODyjNYxpMiiiHlnyRxXute72cWtzCTQjZ1A&oe=6742B79C,,https://www.exportcomments.com/done/8e17d52a-7c28-443b-97dc-72c812831ee0/preview/956499349643794
56,,"Jahaira Sánchez",pfbid037EWXpzCXEWiru8dUasJ4izYymHa212H9Q62cmrnT8zXvuYgcGbB6S83TnkvVGszCl,"2024-10-25 13:13:50",2,-,"Qué terrible 😡. Prácticamente ya no tenemos energía más que tres a cuatro horas al día (considerando las horas de sueño, que no las cuento). Sin embargo las planillas igual o hasta más caras. Qué descaro con este gobierno 😡. Más bien parece que su objetivo es conseguir el trabajo por horas. Tal como deseaba al principio. Estamos en total crisis, nos gobiernan personas que no están capacitadas para liderar un país y sólo buscan beneficios propios. El pueblo no les importa 😭.",,https://scontent-sof1-1.xx.fbcdn.net/v/t39.30808-1/272583643_4413002962143850_2693751517796529866_n.jpg?stp=cp0_dst-jpg_s64x64&_nc_cat=101&ccb=1-7&_nc_sid=0ecb9b&_nc_ohc=hsF8nsqaHm4Q7kNvgGAcDMe&_nc_zt=24&_nc_ht=scontent-sof1-1.xx&_nc_gid=AWYzL2p1t1qz-UX0AKGDcgx&oh=00_AYCohy5H8Nr3uqjkF-U3XoeLaZW6aIaOh87CC_zef2AiwQ&oe=6742D210,,https://www.exportcomments.com/done/8e17d52a-7c28-443b-97dc-72c812831ee0/preview/908265441188387
57,,"Nicole Mera",100002404813630,"2024-10-25 13:22:17",0,-,"Solo serán estos dos días que nos quedaremos 14 horas sin luz?",,https://scontent.fkul8-2.fna.fbcdn.net/v/t39.30808-1/464809051_8663982600358481_5765148540168150467_n.jpg?stp=cp6_dst-jpg_s64x64&_nc_cat=108&ccb=1-7&_nc_sid=50d2ac&_nc_ohc=zaKousvUI1MQ7kNvgFuHVA9&_nc_zt=24&_nc_ht=scontent.fkul8-2.fna&_nc_gid=ARFns1EcbLXvwEIBmCXsGG2&oh=00_AYA9AapzgsRrM6c25AjQwMzYy6O1yoY-NxY1KvBe19ZsmA&oe=6742D3A7,,https://www.exportcomments.com/done/8e17d52a-7c28-443b-97dc-72c812831ee0/preview/1289974048673258
58,,"Adriana Vega",pfbid026Ba7h7xSdoVkrNXKB7KMfJahM8uWYx39eY2X2yDzQzfMbD9i1hyXNLnEwCDsGDYtl,"2024-10-25 13:32:41",1,-,"Pésimo CNEL EP el horario de corte de Energía eléctrica en babahoyo Muñoz rubio es de 00.00 hasta las 03.00 de la madrugada y de 13.00 A 18.00 de la tarde y ahora son exactamente las 8.30 de la mañana y me cortan la energía respeten  el horario ya q. Uno también tiene productos eléctricos q se nos pueden dañar por tanto corte eléctrico  y para colmo la otra semana va a ser peor los cortes de energía 😡😡🤬🤬🤬🤬🤬",,https://scontent-sof1-1.xx.fbcdn.net/v/t39.30808-1/455220891_2194246780954466_7802507161646829173_n.jpg?stp=c0.0.717.717a_cp0_dst-jpg_s64x64&_nc_cat=105&ccb=1-7&_nc_sid=0ecb9b&_nc_ohc=8MYf0JoSvnEQ7kNvgHuf154&_nc_zt=24&_nc_ht=scontent-sof1-1.xx&_nc_gid=AWYzL2p1t1qz-UX0AKGDcgx&oh=00_AYBiNuIa5_v_WSm6PzvM6M2I0Dos3JvMpHddIYsfKe5NRg&oe=6742DB4B,,https://www.exportcomments.com/done/8e17d52a-7c28-443b-97dc-72c812831ee0/preview/420881407491080
59,,"Angie Esther Alava",pfbid02t4oZsjLZ9Q2ebipKZKcnNsxB6poBw2mMNKLGRSHCfcF4yKrsxBTGhP3msn1v7NDBl,"2024-10-25 13:37:04",1,-,"Tantos gobiernos ineptos, que se dedican a rascarse el ombligo, a perseguir personajes que ya ni viven aquí, deben centrarse en lo primordial que es el país, nosotros el pueblo es que pagamos las consecuencias con sus ineptitudes, cada vez un presidente es peor al anterior, nos hunden más en la miseria y malestar, nadie tiene la facultad de poder saber sobre las inclemencias de la naturaleza, Pero se pueden crear, estar un paso adelante y tener planes estratégicos ante estas situaciones, cuándo será que se siente en ese banquillo presidencial alguien que verdaderamente ame a su pais y su gente para que nos saque de todo este caos!",,https://scontent-sof1-1.xx.fbcdn.net/v/t39.30808-1/314704652_5566758853415652_8441279849100793200_n.jpg?stp=cp0_dst-jpg_s64x64&_nc_cat=102&ccb=1-7&_nc_sid=0ecb9b&_nc_ohc=V33SWaPBrOYQ7kNvgGh4-EF&_nc_zt=24&_nc_ht=scontent-sof1-1.xx&_nc_gid=AWYzL2p1t1qz-UX0AKGDcgx&oh=00_AYCN7rs43An6bO8BOElkA9hOBeFsyIhZD98coBpy4J497Q&oe=6742D948,,https://www.exportcomments.com/done/8e17d52a-7c28-443b-97dc-72c812831ee0/preview/1598634777392583
60,,"Mary Keily Kaela",pfbid02aUtaRnEDG6Yn639T6U7HGTGngbe3UbLWYTHiyyckdojX4C8BxXcaj6haaRQXUDnVl,"2024-10-25 13:37:32",61,-,"Hasta cuándo no entenderán que el peligro somos nosotros estás son las consecuencias de un cambio climático a nivel de  todo el continente Americano, estás son las consecuencias de la deforestación, la contaminación de rios mares, el alto uso de plástico, la alta demanda de aparatos electrónicos, hay solo en una cocina, la parrilla eléctrica, encendedor eléctrico, mas 4 focos en una cocina, el horno eléctrico, mas de 2 tv en una casa, aires acondicionado etc saquen la cuenta por casas, la demanda es mas, que antes, pero eso es lo que no entendemos este es un trabajo de todos, no solo de un gobierno, gane quien gane la lluvia no va a llegar y llenar las hidroeléctricas...",,https://scontent.fkul8-3.fna.fbcdn.net/v/t39.30808-1/461509950_8528068063906218_8950492012599176955_n.jpg?stp=cp0_dst-jpg_p64x64&_nc_cat=104&ccb=1-7&_nc_sid=0ecb9b&_nc_ohc=K_Aj04qFd1wQ7kNvgHSHZXH&_nc_zt=24&_nc_ht=scontent.fkul8-3.fna&_nc_gid=ARFns1EcbLXvwEIBmCXsGG2&oh=00_AYCIUNX5WnsKAlI9XZPjOC4P6iGymFGAB-AV6cRPAtSZGA&oe=6742B086,,https://www.exportcomments.com/done/8e17d52a-7c28-443b-97dc-72c812831ee0/preview/518261514358981
61,,"Belen Ayala",pfbid02BLhTCEB9SQJcJgyZeCgZZNbVBokraQWwTtKyfRqpR3M925zcoPB9ssnLyCWaLjCyl,"2024-10-25 13:54:16",0,-,"A que hora viene la luz en Quevedo? 😵‍💫",,https://scontent-sof1-1.xx.fbcdn.net/v/t39.30808-1/434055795_2729239157224576_2647740530969237042_n.jpg?stp=cp0_dst-jpg_s64x64&_nc_cat=106&ccb=1-7&_nc_sid=0ecb9b&_nc_ohc=AyBeHhynaskQ7kNvgHUCALJ&_nc_zt=24&_nc_ht=scontent-sof1-1.xx&_nc_gid=AWYzL2p1t1qz-UX0AKGDcgx&oh=00_AYBCTElE4fTK8PG5jLur-P0J6yWfW4_QHY8D4NwsucD5uA&oe=6742C27A,,https://www.exportcomments.com/done/8e17d52a-7c28-443b-97dc-72c812831ee0/preview/1092563362447587
62,,"Carmen Yomayra Alava Parraga",pfbid02XdYcrwZRiAKX5aGVPFQqotPnnBeAiaH8awE6GDGNyxM1e7W5Ew6LRPKucXwFj5PXl,"2024-10-25 14:39:26",2,-,"Sr presidente use su 🧠 y haga algo para poder solucionar l problema de la luz ponga a trabajar a la tracalada d buenos para nada no solo l agua da energía hay otras opciones x ejemplo la energía eólica pero haga algooooooooo ya basta d vernos la cara y d dejarnos sin luz q es un servicio ""público "" q todos tenemos derecho 🤬🤬🤬🤬🤬🤬busq opciones manera y no espere sentado a q llueva",,https://scontent-sof1-2.xx.fbcdn.net/v/t39.30808-1/459130215_26644624795185353_1083418069057821700_n.jpg?stp=cp0_dst-jpg_s64x64&_nc_cat=107&ccb=1-7&_nc_sid=0ecb9b&_nc_ohc=qeiU8UZIJyoQ7kNvgEoMrRD&_nc_zt=24&_nc_ht=scontent-sof1-2.xx&_nc_gid=AWYzL2p1t1qz-UX0AKGDcgx&oh=00_AYCyXUWForr9B0ZcmBEz5i5Nf-RL1iapTmmurnKq9cMZYg&oe=6742ABDC,,https://www.exportcomments.com/done/8e17d52a-7c28-443b-97dc-72c812831ee0/preview/1744660626071695
63,,"Cinthia Vanessa Figueroa",pfbid032Us3dTFN2WuTkkgSMeHRwM5oF1WUqLmrJgx8Hr2mDMaLrivrscQRbphf1cvvEPvTl,"2024-10-25 14:43:31",2,-,"Hoy con nuevo horario de 14 horas sin el servicio de energía eléctrica, si van hacer los cortes deberían ser solo en la noche, en mi sector nos quedamos sin energía y por ende sin agua, las bombas. No quieren prender la energía está muy deficiente y por ratos hay baja de voltaje , los electrodomésticos se están dañando, quien nos reembolsa eso, aparte las planillas siguen saliendo caras pese a que casi no se tiene energía.",,https://scontent-sof1-1.xx.fbcdn.net/v/t39.30808-1/329394475_522901440001110_6000347709027897959_n.jpg?stp=cp0_dst-jpg_s64x64&_nc_cat=101&ccb=1-7&_nc_sid=0ecb9b&_nc_ohc=ASKdHHjupGwQ7kNvgGtQQx7&_nc_zt=24&_nc_ht=scontent-sof1-1.xx&_nc_gid=AWYzL2p1t1qz-UX0AKGDcgx&oh=00_AYCheypzuog11lzJYNxT0mtBFBKuQyBAgtnVNq5c6KKnSA&oe=6742C960,,https://www.exportcomments.com/done/8e17d52a-7c28-443b-97dc-72c812831ee0/preview/2013194109120881
64,,"Melly Miley",100005331460847,"2024-10-25 14:46:24",4,-,"Pueden ser algo coherente con los cortes 😒para que yo quiero luz en la madrugada si el sector de San Pablo es turístico , se aproxima un feriado , ustedes no ven como van a perjudicar los sectores turísticos tengan algo más de coherencia al momento de hacer sus horarios de corte 🙂🙂🙂",,https://scontent.fkul8-5.fna.fbcdn.net/v/t39.30808-1/258768672_1922754244578939_4138065676126395926_n.jpg?stp=cp0_dst-jpg_s64x64&_nc_cat=111&ccb=1-7&_nc_sid=50d2ac&_nc_ohc=8c3865YVC3sQ7kNvgGmxHu4&_nc_zt=24&_nc_ht=scontent.fkul8-5.fna&_nc_gid=ARFns1EcbLXvwEIBmCXsGG2&oh=00_AYCWJOgR6s4MNNw8_IohueMF1i-lcNvflEwuGySpNCVItw&oe=6742D8F5,,https://www.exportcomments.com/done/8e17d52a-7c28-443b-97dc-72c812831ee0/preview/538727475571565
65,,"Alejandra Suares",pfbid02MjyVomLBkVb1BHNChsajE1ypRJrKwFNcSCSYh51pHHEk3QHPmjnGU6Yow95QpYEgl,"2024-10-25 15:26:58",1,-,"La lluvia es escasa en América del sur, que los embalses no llenan su límite, la sequía continúa con un sol radiante en toda la zona  andina, cómo ya dije la esquina no desaparece de un día para otro pese a qué llueva, la falta de humedad agrava la sequia y las nubes no se forman para generar lluvias en los embalses, según estudios la sequía dura de 3 a 8 años por deterioro de la capa de ozono que no deja que la humedad se forme.Se recomienda ahorrar agua y luz par los años siguientes ya que los bombardeos continúan en medio oriente que están abriendo agujeros en la capa de ozono, en la zona andina está haciendo mucho calor quedando la vegetación seca con el riego de incendios forestales.Temperatura, sequía y baja humedad en América del sur",,https://scontent-sof1-2.xx.fbcdn.net/v/t39.30808-1/466739284_2559864114208658_4978848322274457341_n.jpg?stp=c0.19.581.581a_cp0_dst-jpg_s64x64&_nc_cat=109&ccb=1-7&_nc_sid=0ecb9b&_nc_ohc=qYiQNVwd6BIQ7kNvgGzTxZz&_nc_zt=24&_nc_ht=scontent-sof1-2.xx&_nc_gid=AWYzL2p1t1qz-UX0AKGDcgx&oh=00_AYAipAqLcFQ9x0JFMoLp_9R1LH5YN-puyZnPYPpImNKsww&oe=6742D435,,https://www.exportcomments.com/done/8e17d52a-7c28-443b-97dc-72c812831ee0/preview/904211928296086
66,,"Mayra Olmedo",pfbid07EwzJF1wowhJa2Gyzq2Li4njyZ8bHZhq1toYBvcRxBhNZotMrWXxtE9SMXjotpABl,"2024-10-25 16:08:13",2,-,"Cómo creen que van a hacer eso se supone que ya habían dado horario para estás 3 semanas ahora xq les dió la gana los cambiaron está horrible ese horario de vdd está horribles como es posible de del horario pasado que teniamos desde 12 de la madrugada hasta las 4 de la mañana  y de 4 pm hasta las 8pm  estaba pasable ahora  que desde las 4 se la madrugada a. 9 y de 3 pm hasta las 10 de la noche está horrible mejor dejemos con el horario de está semana como van a creer es zona industrial acá en duran está horrible sabe que hay lugares que trabajan de lunes a lunes y me vienen con eso CNEL EP",,https://scontent-sof1-1.xx.fbcdn.net/v/t1.6435-1/48428164_652137148522059_5784362800637804544_n.jpg?stp=c66.0.368.368a_cp0_dst-jpg_s64x64&_nc_cat=106&ccb=1-7&_nc_sid=0ecb9b&_nc_ohc=5HVf0LjwGncQ7kNvgFjstj7&_nc_zt=24&_nc_ht=scontent-sof1-1.xx&_nc_gid=AWYzL2p1t1qz-UX0AKGDcgx&oh=00_AYC4cnyP4Fi_Zl-lBDfGxWt-KZ9WrwLZ-aRG6VuTEcKCGA&oe=67647237,,https://www.exportcomments.com/done/8e17d52a-7c28-443b-97dc-72c812831ee0/preview/853141103657309
67,,"Ktita Garcia",pfbid07PU4A3tNDkrG1iD4qHa2iMQWuhWHjmLHBbFHSkYbPd7WukLei94hQtLpHcNoZyRjl,"2024-10-25 16:12:37",5,-,"de 24 horas solo voy a tener 3 horas de luz en la mñn 3 en la tarde y 3 en la madrugada 🤬🤬🤬 en fin de semana es donde menos se debe d ir por tema de los QD",,https://scontent.fkul8-2.fna.fbcdn.net/v/t39.30808-1/453820688_7988516647897441_2493272941059321964_n.jpg?stp=cp0_dst-jpg_p64x64&_nc_cat=110&ccb=1-7&_nc_sid=0ecb9b&_nc_ohc=NeWaUXdlZggQ7kNvgEDA3PB&_nc_zt=24&_nc_ht=scontent.fkul8-2.fna&_nc_gid=ARFns1EcbLXvwEIBmCXsGG2&oh=00_AYDfwTupNBVt53qWKYTpkg5v5CdhJgnoQ17bTDNta2QkSg&oe=6742C4C1,,https://www.exportcomments.com/done/8e17d52a-7c28-443b-97dc-72c812831ee0/preview/962509458971454
68,,"Arol Lozano Zúñiga",100001222768094,"2024-10-25 17:23:10",9,-,"Ese corte esta fatal xq no cortan de madrugada y de noche el resto del día podían dejar trabajar",,https://scontent.fkul8-2.fna.fbcdn.net/v/t39.30808-1/352756043_6978558548861501_6995825589727614934_n.jpg?stp=cp0_dst-jpg_s64x64&_nc_cat=110&ccb=1-7&_nc_sid=50d2ac&_nc_ohc=fbFvox-dlzEQ7kNvgE0F80D&_nc_zt=24&_nc_ht=scontent.fkul8-2.fna&_nc_gid=ARFns1EcbLXvwEIBmCXsGG2&oh=00_AYDR3VkptiQDCQp9ICvrxrXq6fRL9HEcXGgeUlKbEhWLiA&oe=6742AFF6,,https://www.exportcomments.com/done/8e17d52a-7c28-443b-97dc-72c812831ee0/preview/566306309386452
69,,"Melanni Palta",pfbid0GbwZbuZPfJkKsXEPG5UYEfX1egM6fUEyXm5W6axRAxChx81CEhdDqpW8WB7ErAYgl,"2024-10-25 17:32:45",0,-,"No tiene sentido los horarios del PDF con los del link, son totalmente diferentes",,https://scontent-sof1-2.xx.fbcdn.net/v/t39.30808-1/462212838_8364393820276060_3863379929948038111_n.jpg?stp=cp0_dst-jpg_s64x64&_nc_cat=107&ccb=1-7&_nc_sid=0ecb9b&_nc_ohc=9Ku-naBYT9gQ7kNvgEXLCcl&_nc_zt=24&_nc_ht=scontent-sof1-2.xx&_nc_gid=AWYzL2p1t1qz-UX0AKGDcgx&oh=00_AYAydqBs1fR5UcxY-uTZ4wtItRI1jVVPnTIpZzmcu2TUqA&oe=6742CA17,,https://www.exportcomments.com/done/8e17d52a-7c28-443b-97dc-72c812831ee0/preview/1185311619233049
70,,"Brigeth Abby BL",pfbid0YtAwLAzpLw6qLp9NXqYRjWbNnTcuPtzwGUUWisskiJPCFBpyqLYWcq5pwkY1wuVQl,"2024-10-25 17:37:02",1,-,"Estás bolas de idiotas vamos a ver si esos que ponen esos horarios o el presidente van estar sin luz como nosotros los pobres 😡 desgraciados infelices",,https://scontent-sof1-1.xx.fbcdn.net/v/t39.30808-1/430495086_122186242016009433_4288221120011406168_n.jpg?stp=cp6_dst-jpg_s64x64&_nc_cat=101&ccb=1-7&_nc_sid=0ecb9b&_nc_ohc=I5ocOhC5r2sQ7kNvgGEoO-D&_nc_zt=24&_nc_ht=scontent-sof1-1.xx&_nc_gid=AWYzL2p1t1qz-UX0AKGDcgx&oh=00_AYA3rPbymJWYt-8qLcMsdcQn9d6cC60sfWUzqDDYicE-Ow&oe=6742BB1A,,https://www.exportcomments.com/done/8e17d52a-7c28-443b-97dc-72c812831ee0/preview/909240661125128
71,,"Alexander Oz",100001723266492,"2024-10-25 19:56:24",0,-,"No se quienes hacen el cromograma de cortes, porque no esta  considerando los sectores productores, de la salud y demás entidades prioritarias y no cortar el servicio por cortar perjudicando al pueblo...Que falta de profesionalismo",,https://scontent.fkul8-3.fna.fbcdn.net/v/t39.30808-1/269862093_4946007018800025_7935983478190437390_n.jpg?stp=cp0_dst-jpg_s64x64&_nc_cat=1&ccb=1-7&_nc_sid=50d2ac&_nc_ohc=OP0NsHEx9PkQ7kNvgG7-3wn&_nc_zt=24&_nc_ht=scontent.fkul8-3.fna&_nc_gid=ARFns1EcbLXvwEIBmCXsGG2&oh=00_AYDsZgDzudcv8kdTxz7AHF5RgraaYG29q_zWYoJITHByAA&oe=6742B414,,https://www.exportcomments.com/done/8e17d52a-7c28-443b-97dc-72c812831ee0/preview/1280395879800387
72,,"Elsa Pilataxi",100004960680367,"2024-10-25 20:43:06",0,-,"Cual mismo  será el horario.  Porque aquí se supone que se debe ir a las 5 y se fue a las 3. No entiendo",,https://scontent-sof1-2.xx.fbcdn.net/v/t39.30808-1/433134481_2644064655768865_8849465141558360941_n.jpg?stp=c0.276.1080.1080a_cp0_dst-jpg_s64x64&_nc_cat=111&ccb=1-7&_nc_sid=50d2ac&_nc_ohc=xMxzxuJsIpsQ7kNvgEga9mG&_nc_zt=24&_nc_ht=scontent-sof1-2.xx&_nc_gid=AWYzL2p1t1qz-UX0AKGDcgx&oh=00_AYCgxvojArHOdfZXSQWq24J0S1mwy81gy1Tn6Hzng1z0tA&oe=6742C849,,https://www.exportcomments.com/done/8e17d52a-7c28-443b-97dc-72c812831ee0/preview/1067103631456490
73,,"Fabiola Dreher",pfbid023D25RfqRyKeV8BPjrxEZAaM7z8kvFjo9mQMBgbKEBWHEwWoPAhg8vBkG8ywkK8A3l,"2024-10-26 02:13:20",0,-,"¿Por que mienten? Nada que se fue la luz como dice ese cronograma",,https://scontent-sof1-1.xx.fbcdn.net/v/t39.30808-1/461699704_10233042397337478_8032993508447115480_n.jpg?stp=cp0_dst-jpg_p64x64&_nc_cat=104&ccb=1-7&_nc_sid=0ecb9b&_nc_ohc=z90GvoawI90Q7kNvgEgXrXe&_nc_zt=24&_nc_ht=scontent-sof1-1.xx&_nc_gid=AWYzL2p1t1qz-UX0AKGDcgx&oh=00_AYCFznf3AGCj3wB922rbtLcS_zp34t5N10Dp8QJcWV4hlg&oe=6742B4D4,,https://www.exportcomments.com/done/8e17d52a-7c28-443b-97dc-72c812831ee0/preview/1060148825488146
74,,"Urgiles NP",pfbid02eNJMyKe9FnviY9ejmPP5YYwQmSP55d2aeftTTKkTyF8Re6E4tghA7BRtqtfF5x8Pl,"2024-10-26 11:32:18",0,-,"No se cumplen ni con los horarios de cortes",,https://scontent-sof1-1.xx.fbcdn.net/v/t39.30808-1/406418773_3214579728843343_1913354626841984941_n.jpg?stp=cp0_dst-jpg_s64x64&_nc_cat=102&ccb=1-7&_nc_sid=0ecb9b&_nc_ohc=5OWRytzsQ6UQ7kNvgFxeHiG&_nc_zt=24&_nc_ht=scontent-sof1-1.xx&_nc_gid=AWYzL2p1t1qz-UX0AKGDcgx&oh=00_AYDcJmxol1yKI3kP6w2k6GPPdcIXr9bXNRKdXaX8JfkVZg&oe=6742DEAC,,https://www.exportcomments.com/done/8e17d52a-7c28-443b-97dc-72c812831ee0/preview/1079797310391511
75,,"Alexa Sweet Bites",100063589831864,"2024-10-26 11:42:38",0,-,"RESPETEN AL MENOS LOS HORARIOS DD CORTES, LOS USUARIOS NOS PROGRAMAMOA DE ACUERDO A LOS CORTES, PERO ALGÚN CRETINO, MODIFICA LOS CORTES Y SE LLAMA A CNEL Y NO SABEN NADA. BELLAVISTA ALTA  GUAYAQUIL",,https://scontent-sof1-2.xx.fbcdn.net/v/t39.30808-1/241100328_243092581153735_1696865340060371811_n.jpg?stp=cp0_dst-jpg_s64x64&_nc_cat=103&ccb=1-7&_nc_sid=f4b9fd&_nc_ohc=S_B0Jo-0tIgQ7kNvgFSG3m2&_nc_zt=24&_nc_ht=scontent-sof1-2.xx&_nc_gid=AWYzL2p1t1qz-UX0AKGDcgx&oh=00_AYBk7fceXPSAapU-zyj8eCmojvKLbJms-IxmBEcNauN_rQ&oe=6742DBC7,,https://www.exportcomments.com/done/8e17d52a-7c28-443b-97dc-72c812831ee0/preview/485662361189040
76,,"Sol MA",pfbid05knKGLXmKthvLAtWymaYKYu4FPdRbgvPzTuL9dwm4pBRGbfs2qYzDVWsbAMBBgFwl,"2024-10-26 12:47:28",0,-,"El horario de hoy ?",,https://scontent-sof1-2.xx.fbcdn.net/v/t39.30808-1/465000599_3763825500537378_8773555935384960558_n.jpg?stp=cp0_dst-jpg_s64x64&_nc_cat=111&ccb=1-7&_nc_sid=0ecb9b&_nc_ohc=c1Dv8nuhVdIQ7kNvgGvD0e1&_nc_zt=24&_nc_ht=scontent-sof1-2.xx&_nc_gid=AWYzL2p1t1qz-UX0AKGDcgx&oh=00_AYCLllEJOCZ-uGFHlSkDcJ5xHQJwTsxoOUM__n5E1ZbA3w&oe=6742AB1A,,https://www.exportcomments.com/done/8e17d52a-7c28-443b-97dc-72c812831ee0/preview/893845932708036
77,,"Liss Luna",pfbid0VLCfMwZsSWNcvwTQP36iQt7wMSB33goTZK9vFEzMxRW48QqexNhWmpJ6tVzxwVqyl,"2024-10-26 15:25:33",1,-,"Porque hay ciertos sectores que nunca se les va la luz ??? Es muy injusto esto ,debería de ser equitativo",,https://scontent-sof1-1.xx.fbcdn.net/v/t39.30808-1/376280583_5860637547372866_8165794644539015152_n.jpg?stp=cp0_dst-jpg_s64x64&_nc_cat=102&ccb=1-7&_nc_sid=0ecb9b&_nc_ohc=nz3I78JtpjkQ7kNvgGk870Z&_nc_zt=24&_nc_ht=scontent-sof1-1.xx&_nc_gid=AWYzL2p1t1qz-UX0AKGDcgx&oh=00_AYDCinAXuGPzthcvZej35m81KiqB1okzWqeseZNBi7eoPw&oe=6742AB7E,,https://www.exportcomments.com/done/8e17d52a-7c28-443b-97dc-72c812831ee0/preview/1838125053659608
78,,"Elisa Elisa",pfbid026Ba7h7xSde2T7VLUWUJgSyGfJNaeqEMSGpybxPfDqfbhNP1tbMnru6twvW6Ma8Z6l,"2024-10-26 15:51:55",2,-,"Para que ponen un horario, si van a cortar el servicio a la hora que les de la gana! 😡🤬🤬",,https://scontent-sof1-2.xx.fbcdn.net/v/t39.30808-1/376236326_7212071575479265_3103215426584014610_n.jpg?stp=cp0_dst-jpg_p64x64&_nc_cat=108&ccb=1-7&_nc_sid=0ecb9b&_nc_ohc=ajbXQCLWtFAQ7kNvgGoanVi&_nc_zt=24&_nc_ht=scontent-sof1-2.xx&_nc_gid=AWYzL2p1t1qz-UX0AKGDcgx&oh=00_AYA9-qKMx8-IG-4RhbmyV4vElERVZvjrn0EXtLSVHDOPsw&oe=6742B516,,https://www.exportcomments.com/done/8e17d52a-7c28-443b-97dc-72c812831ee0/preview/1267348584388307
79,,"Ericka Elenita Roman",pfbid0HDYWPybvJzykNcZK61WcfYotnKeGqonfZpotnMyEp6pK6pZhTGAYAxniNnu7WBfxl,"2024-10-26 17:42:13",3,-,"Para que establecen  horarios que no se van a cumplir",,https://scontent-sof1-2.xx.fbcdn.net/v/t39.30808-1/464444439_3636590939929623_8281622266149215002_n.jpg?stp=cp0_dst-jpg_s64x64&_nc_cat=107&ccb=1-7&_nc_sid=0ecb9b&_nc_ohc=WZRF3i5f2UQQ7kNvgG1ziFO&_nc_zt=24&_nc_ht=scontent-sof1-2.xx&_nc_gid=AWYzL2p1t1qz-UX0AKGDcgx&oh=00_AYD2CQEelRBuVag-aFYcjBqU5n2jDiooERdj9jI60Ir42Q&oe=6742CDD1,,https://www.exportcomments.com/done/8e17d52a-7c28-443b-97dc-72c812831ee0/preview/1058270962618555
80,,"Michelle Stefannia Muñiz Rivera",pfbid02yvEDdd46Wv32PhEGFCxucRWfub6BaSY8zhVMkyeUnFWsaLEGuAhMKNNYxw5yr1Qtl,"2024-10-26 17:57:58",3,-,"Por que no se están cumpliendo los horarios según este cronograma ?",,https://scontent-sof1-1.xx.fbcdn.net/v/t39.30808-1/351190318_2197995337257154_5842340560829048122_n.jpg?stp=cp0_dst-jpg_s64x64&_nc_cat=105&ccb=1-7&_nc_sid=0ecb9b&_nc_ohc=mDQAKjoRywsQ7kNvgGvs7Ok&_nc_zt=24&_nc_ht=scontent-sof1-1.xx&_nc_gid=AWYzL2p1t1qz-UX0AKGDcgx&oh=00_AYD-JTwKHqKSDlsQi_9WnrdsEKL5turPUxstjtmO3LncKg&oe=6742BF55,,https://www.exportcomments.com/done/8e17d52a-7c28-443b-97dc-72c812831ee0/preview/466178885889345
81,,"Adan Suarez",pfbid02NRj7iJR3qWdYfPBRVUweoUGk5jecBgTzkT49JUj7d8fdFEvqSG2GGd9mkuvQY9JRl,"2024-10-26 18:10:29",0,-,"Una vergüenza todos ustedes, empezando desde este gobierno que nos pisotea todos los días como cualquier animal. No tienen palabra ni siquiera para cumplir con los horarios. Guayaquil, sector Cisne 2, el servicio tenía que restablecerse a las 15:00 pm y de la nada lo cambian arbitrariamente.... les da igual lo que sucede con el pueblo, haber si se responsabilizan por todos los aparatos eléctricos averiados, haber si cumplen con los cronogramos establecidos sinvergüenzas irresponsables.",,https://scontent-sof1-2.xx.fbcdn.net/v/t1.6435-1/72969796_2379311558860888_3392620127676530688_n.jpg?stp=cp0_dst-jpg_s64x64&_nc_cat=109&ccb=1-7&_nc_sid=0ecb9b&_nc_ohc=I00pCIibm0UQ7kNvgEj1U_T&_nc_zt=24&_nc_ht=scontent-sof1-2.xx&_nc_gid=AWYzL2p1t1qz-UX0AKGDcgx&oh=00_AYD3iax3VGTeffEElkbtNu94ETorCWD44UZJ_LdJVYxMfw&oe=676476F6,,https://www.exportcomments.com/done/8e17d52a-7c28-443b-97dc-72c812831ee0/preview/1266236621471441
82,,"Estefany Soriano",pfbid035TR4TfjGrSBk5bj5dcaurStdZq5eBSfrs6GyN8xZf9XBmesYhfCAD8UMPLopvQf3l,"2024-10-26 18:17:07",5,-,"Cumplan con los horarios establecidos!!!!!!",,https://scontent.fkul8-1.fna.fbcdn.net/v/t39.30808-1/414917480_6997088177039802_6224617947354342077_n.jpg?stp=cp0_dst-jpg_s64x64&_nc_cat=101&ccb=1-7&_nc_sid=0ecb9b&_nc_ohc=htuOguznQKQQ7kNvgEzSknI&_nc_zt=24&_nc_ht=scontent.fkul8-1.fna&_nc_gid=ARFns1EcbLXvwEIBmCXsGG2&oh=00_AYAZA6Lxbm0w1mW-jF-rktEkJOW_btorf_P1HKhyNPZE6Q&oe=6742C7B3,,https://www.exportcomments.com/done/8e17d52a-7c28-443b-97dc-72c812831ee0/preview/544733145171169
83,,"Daniel Celi",pfbid0XgAhX2aBRPRpM4L1nHSJSLVRXU1GMUaTMzQkhyV8JJrPTSbZbwsiAhG4DNXvbCwbl,"2024-10-26 18:23:03",2,-,"Ni suelen cortar en el horario que establecen ahí , ni para eso sirven.",,https://scontent-sof1-1.xx.fbcdn.net/v/t39.30808-1/456115599_26359651207014475_3580505020191986329_n.jpg?stp=cp0_dst-jpg_s64x64&_nc_cat=105&ccb=1-7&_nc_sid=0ecb9b&_nc_ohc=uYV72znMKokQ7kNvgH-pbe3&_nc_zt=24&_nc_ht=scontent-sof1-1.xx&_nc_gid=AWYzL2p1t1qz-UX0AKGDcgx&oh=00_AYBzMye-vtmKbUcX3MKb3mM2Q9ux7J7Hmx1X_KztCGowpg&oe=6742ABB3,,https://www.exportcomments.com/done/8e17d52a-7c28-443b-97dc-72c812831ee0/preview/518135767877149
84,,"Michell N Zambrano",pfbid02WcuAJ7GTB4WyHhvByS27poTAWkPuBhwBNuJdS7pfHBfqVa48f9NzXkjHS1CfzuzUl,"2024-10-26 18:33:09",2,-,,https://scontent-sof1-2.xx.fbcdn.net/v/t39.30808-6/464702331_8192629480859818_6087476314249240333_n.jpg?stp=dst-jpg_p206x206&_nc_cat=108&ccb=1-7&_nc_sid=bd9a62&_nc_ohc=Je-74tVV3foQ7kNvgHLpa9Z&_nc_zt=23&_nc_ht=scontent-sof1-2.xx&_nc_gid=AWYzL2p1t1qz-UX0AKGDcgx&oh=00_AYDnmF-DWUa3SAXnV7lT-ScEC3PLXBK0PpVVlvnXOauihg&oe=6742DF0C,https://scontent-sof1-1.xx.fbcdn.net/v/t39.30808-1/385880773_6334233310032787_342383772694348507_n.jpg?stp=cp0_dst-jpg_s64x64&_nc_cat=106&ccb=1-7&_nc_sid=0ecb9b&_nc_ohc=dxTU2_P6aHMQ7kNvgFAUvoz&_nc_zt=24&_nc_ht=scontent-sof1-1.xx&_nc_gid=AWYzL2p1t1qz-UX0AKGDcgx&oh=00_AYBqdg0bT8LvNNEjrHZWsz-TMpIsuDcdCXeSxJDvM15LdQ&oe=6742BE1C,,https://www.exportcomments.com/done/8e17d52a-7c28-443b-97dc-72c812831ee0/preview/926584019356056
85,,"Jose Avellaneda",100001720626667,"2024-10-26 18:43:26",7,-,"No están siguiendo con el horario que publicaron ahora Nose que hora se va la luz ya que llego antes de lo previsto que mismo pues",,https://scontent.fkul8-2.fna.fbcdn.net/v/t39.30808-1/460168750_8378225292244742_3130997012152773140_n.jpg?stp=cp0_dst-jpg_s64x64&_nc_cat=108&ccb=1-7&_nc_sid=50d2ac&_nc_ohc=c69yRuhQsU4Q7kNvgEqiJLU&_nc_zt=24&_nc_ht=scontent.fkul8-2.fna&_nc_gid=ARFns1EcbLXvwEIBmCXsGG2&oh=00_AYD6jxyDqY9y17ZrT2XBz0gTSIgeZeBaiixXylo6ZHyDbA&oe=6742CCF8,,https://www.exportcomments.com/done/8e17d52a-7c28-443b-97dc-72c812831ee0/preview/7958800104220518
86,,"Yorgelis Nataly Bustillos Quero",pfbid02Zbzr3LXEe8Pgw3qrtWVTNTHbAZRuqtvNeAPBPChSntSwdAnUTLX8h2NXMkLfjQwHl,"2024-10-27 01:36:44",3,-,"Ni cumplen los horarios",,https://scontent-sof1-1.xx.fbcdn.net/v/t39.30808-1/432398046_1261148978605932_2871661783083882354_n.jpg?stp=cp0_dst-jpg_s64x64&_nc_cat=104&ccb=1-7&_nc_sid=0ecb9b&_nc_ohc=GtpJP9k3D-EQ7kNvgHDvReg&_nc_zt=24&_nc_ht=scontent-sof1-1.xx&_nc_gid=AWYzL2p1t1qz-UX0AKGDcgx&oh=00_AYAufD1XbIOp-PWEgg3A5ifdhkRvSe3vvTtwZU6Za9TC8A&oe=6742AFDA,,https://www.exportcomments.com/done/8e17d52a-7c28-443b-97dc-72c812831ee0/preview/1098956408471428
87,,"L Germania Silva",pfbid02VHoFUG4faynL4BeTiS39RLsH8SoX8RjaMb2foEn1WiPUsQyuMXMKFdp3v1rbgqz2l,"2024-10-27 01:46:12",3,-,"Por qué a algunos sectores les cortan la electricidad de 00:00 a 07:00 y a otros nos cortan de 7:00 a 14:00 y otra vez de 17:00 a 24:00 dejando solo 3 horas de electricidad, no podemos ni cocinar. Esos horarios están mal hechos. A mi también me gustaría que nos corten la electricidad en la madrugada y no todas las horas hábiles. Espero que alternen los horarios para que haya equidad. Ya que no es justo que algunos tengamos solo 3 horas de electricidad al día y otros sectores 11 o más.",,https://scontent-sof1-1.xx.fbcdn.net/v/t39.30808-1/451963503_8729306527084447_7687788879588073318_n.jpg?stp=cp0_dst-jpg_s64x64&_nc_cat=101&ccb=1-7&_nc_sid=0ecb9b&_nc_ohc=ETm90sxRhBwQ7kNvgEhZMQ_&_nc_zt=24&_nc_ht=scontent-sof1-1.xx&_nc_gid=AWYzL2p1t1qz-UX0AKGDcgx&oh=00_AYB6hr0wE3M5lbWnzr5KVyxFg7Tnev3LQu0-66IcEFpgdg&oe=6742C0DF,,https://www.exportcomments.com/done/8e17d52a-7c28-443b-97dc-72c812831ee0/preview/1228049198501277
88,,"Judith Ayauca Cepeda",pfbid02LN2sbQsABkAS3iPkvsjqzgWxEfNku9VDr5BNRFMBzteJ95SuFhRhDeCaV38KziHUl,"2024-10-27 09:12:08",3,-,"No se ha cumplido el horario establecido de sábado y domingo. Si cortan la energía por que demonios no cumplen con los horarios que ustedes mismo designan.",,https://scontent-sof1-1.xx.fbcdn.net/v/t1.6435-1/49205996_10214640216813180_8223281845349908480_n.jpg?stp=cp0_dst-jpg_s64x64&_nc_cat=102&ccb=1-7&_nc_sid=0ecb9b&_nc_ohc=4UWv6xXE3lgQ7kNvgGkApSj&_nc_zt=24&_nc_ht=scontent-sof1-1.xx&_nc_gid=AWYzL2p1t1qz-UX0AKGDcgx&oh=00_AYAqVm2ug2tqpnPEvrjo-8IBpDHxkxsFQbJObzAj5Fe3Ug&oe=676469CE,,https://www.exportcomments.com/done/8e17d52a-7c28-443b-97dc-72c812831ee0/preview/909524701124974
89,,"Karen Lizbeth",pfbid0GruM3fxWrCF1TEv9vyk398wvK5zN9APaC1K8pN3FHVtoehFcfBpn6npDiQ9LBmL4l,"2024-10-27 15:45:51",0,-,"Ya hoy es domingo. A qué hora subirán los nuevos cortes de la luz eléctrica que pagamos mensualmente. Claro, para saber si acompaño o no al Paro nacional?",,https://scontent.fkul8-3.fna.fbcdn.net/v/t39.30808-1/434670467_1091148275476912_3693989003589454914_n.jpg?stp=cp0_dst-jpg_s64x64&_nc_cat=105&ccb=1-7&_nc_sid=0ecb9b&_nc_ohc=1ykgE5uiI28Q7kNvgFgiA-N&_nc_zt=24&_nc_ht=scontent.fkul8-3.fna&_nc_gid=ARFns1EcbLXvwEIBmCXsGG2&oh=00_AYD7uck72KqYW0nN7O7_ecT_xNINXD9OlXp5LsjRniDbZg&oe=6742E208,,https://www.exportcomments.com/done/8e17d52a-7c28-443b-97dc-72c812831ee0/preview/3889517161294775
90,,"Andreita Linda",pfbid02kk5v9ZB2iTH4FUR1EzV2qerHyCFEVNHiSz4EZWTMpZNDWH5ksoD661pT8Acw1cx6l,"2024-10-27 18:39:49",0,-,"Cuál es el horario para la siguiente semana o no habrá cortes ?",,https://scontent.fkul8-3.fna.fbcdn.net/v/t39.30808-1/346294662_1670703780099470_6763366435689519271_n.jpg?stp=c120.0.720.720a_cp0_dst-jpg_s64x64&_nc_cat=107&ccb=1-7&_nc_sid=0ecb9b&_nc_ohc=YcRZ-pRSkvsQ7kNvgEioT-F&_nc_zt=24&_nc_ht=scontent.fkul8-3.fna&_nc_gid=ARFns1EcbLXvwEIBmCXsGG2&oh=00_AYBgiHLUwy_3wi3VljxQrxATo9_kuoxGv973AHcYQiWnvA&oe=6742BC67,,https://www.exportcomments.com/done/8e17d52a-7c28-443b-97dc-72c812831ee0/preview/1236891944025557
91,,"Jimena Chichande Chiang",pfbid0peb5Z7PmawLPFeszgxPTPBvegqXUUtS5tt3LpYpgU8kZREdQcCYSLgA4CXHS2WPbl,"2024-10-27 20:23:58",0,-,"Publiquen los horarios de ésta semana q viene",,https://scontent-sof1-1.xx.fbcdn.net/v/t39.30808-1/441298818_1492225885029548_973784999555832488_n.jpg?stp=c0.0.960.960a_cp0_dst-jpg_s64x64&_nc_cat=104&ccb=1-7&_nc_sid=0ecb9b&_nc_ohc=ztFj5ukA_QkQ7kNvgG8N11K&_nc_zt=24&_nc_ht=scontent-sof1-1.xx&_nc_gid=AWYzL2p1t1qz-UX0AKGDcgx&oh=00_AYAfit_hxbJASlL-bYaiGx8HPcaJxZGKUVMB1vypXuwekg&oe=6742C565,,https://www.exportcomments.com/done/8e17d52a-7c28-443b-97dc-72c812831ee0/preview/850070023950808
92,,"Jimena Chichande Chiang",pfbid0peb5Z7PmawLPFeszgxPTPBvegqXUUtS5tt3LpYpgU8kZREdQcCYSLgA4CXHS2WPbl,"2024-10-27 20:24:27",0,-,"Xq publican los horarios en la madrugada 🤦",,https://scontent-sof1-1.xx.fbcdn.net/v/t39.30808-1/441298818_1492225885029548_973784999555832488_n.jpg?stp=c0.0.960.960a_cp0_dst-jpg_s64x64&_nc_cat=104&ccb=1-7&_nc_sid=0ecb9b&_nc_ohc=ztFj5ukA_QkQ7kNvgG8N11K&_nc_zt=24&_nc_ht=scontent-sof1-1.xx&_nc_gid=AWYzL2p1t1qz-UX0AKGDcgx&oh=00_AYAfit_hxbJASlL-bYaiGx8HPcaJxZGKUVMB1vypXuwekg&oe=6742C565,,https://www.exportcomments.com/done/8e17d52a-7c28-443b-97dc-72c812831ee0/preview/1302143577864131
93,,"Estefy Benavides",100002758137083,"2024-10-27 22:10:38",0,-,"Ya den los nuevos horarios 😤😤😤😤",,https://scontent-sof1-2.xx.fbcdn.net/v/t39.30808-1/459645024_7561616947273501_9054378845269267751_n.jpg?stp=cp6_dst-jpg_s64x64&_nc_cat=107&ccb=1-7&_nc_sid=50d2ac&_nc_ohc=hLRDG5vFLDoQ7kNvgFmaE6j&_nc_zt=24&_nc_ht=scontent-sof1-2.xx&_nc_gid=AWYzL2p1t1qz-UX0AKGDcgx&oh=00_AYDdlW66jY3V8iwHOPzGuNyVHbmlJ6gvg2w5M4WIJVyRRQ&oe=6742BEDB,,https://www.exportcomments.com/done/8e17d52a-7c28-443b-97dc-72c812831ee0/preview/917846833009661
94,,"Aby Carvajal",pfbid036tCNdHpSZ8Gy7Q7sU8z5V7kpWkza8Jk1TWSPHZg7mNKevkuKervt6ZfGoUDGi5dxl,"2024-10-27 22:12:35",1,-,"Los nuevos horarios para cuando ya mismo se va la luz y nada de información CNEL EP",,https://scontent.fkul8-3.fna.fbcdn.net/v/t1.30497-1/453178253_471506465671661_2781666950760530985_n.png?stp=cp0_dst-png_s64x64&_nc_cat=1&ccb=1-7&_nc_sid=136b72&_nc_ohc=bYLP8ChJYTYQ7kNvgFnuW_8&_nc_zt=24&_nc_ht=scontent.fkul8-3.fna&_nc_gid=ARFns1EcbLXvwEIBmCXsGG2&oh=00_AYAfxP6fSY4hXfe3_bWYg5BemLsz80FeHor8u_Ul-DLw6A&oe=67644FBA,,https://www.exportcomments.com/done/8e17d52a-7c28-443b-97dc-72c812831ee0/preview/527831110091877
95,,"Daty Galdea",pfbid0XCY9fkdCYRuvAFZi3nC6Z4zBxyVHTHvWcFEZMZYGMzvtVaAs781son96v1eShYNwl,"2024-10-27 22:34:39",0,-,"A que hora vamos a saber los horarios para la próxima semana o es que serán igual que estos días",,https://scontent-sof1-1.xx.fbcdn.net/v/t39.30808-1/460659244_8403891266315809_4097461685733084501_n.jpg?stp=cp0_dst-jpg_s64x64&_nc_cat=100&ccb=1-7&_nc_sid=0ecb9b&_nc_ohc=pe7GMqPYnnAQ7kNvgHKIDIK&_nc_zt=24&_nc_ht=scontent-sof1-1.xx&_nc_gid=AWYzL2p1t1qz-UX0AKGDcgx&oh=00_AYA64kQ_AhxadCsvsjpzPoBqyl6t19sRxQLwEmnmI1hKTQ&oe=6742C19C,,https://www.exportcomments.com/done/8e17d52a-7c28-443b-97dc-72c812831ee0/preview/747100317589463
96,,"Jer Bear",pfbid03KaBs4256z1KD3kyyTa6sURuheLK3ZGHPTL4VZeymbBsJjdwriGEqy6rAMWsXnaPl,"2024-10-27 22:53:04",0,-,"A que horas van a publicar los horarios para la semana CNEL EP",,https://scontent.fkul8-3.fna.fbcdn.net/v/t39.30808-1/456294592_10224975570683132_1651376551055277819_n.jpg?stp=cp0_dst-jpg_p64x64&_nc_cat=104&ccb=1-7&_nc_sid=0ecb9b&_nc_ohc=i0iFKAee0wgQ7kNvgGo4WBr&_nc_zt=24&_nc_ht=scontent.fkul8-3.fna&_nc_gid=ARFns1EcbLXvwEIBmCXsGG2&oh=00_AYAqCEvU_3HX9CkMiObBVQXV37IOI3XzXHpTh_yvjsN2vQ&oe=6742C0F0,,https://www.exportcomments.com/done/8e17d52a-7c28-443b-97dc-72c812831ee0/preview/1057937669409942
97,,"Angie Santana",pfbid0C8EsHxoKzuJEPqerGt6Ksjc22uN8TmdpDgFfs4qXwLYMM4ScpQcZuakGqFJtggqal,"2024-10-27 23:11:52",0,-,"Cuando salen los nuevos horarios para esta semana del lunes??",,https://scontent-sof1-1.xx.fbcdn.net/v/t39.30808-1/296158272_1728402740826372_7975720373776116704_n.jpg?stp=cp0_dst-jpg_s64x64&_nc_cat=102&ccb=1-7&_nc_sid=0ecb9b&_nc_ohc=BYmjLDBLo-sQ7kNvgFBoTP1&_nc_zt=24&_nc_ht=scontent-sof1-1.xx&_nc_gid=AWYzL2p1t1qz-UX0AKGDcgx&oh=00_AYD4-4GkTCLzt0D8KJS42maNb_Wt7p7ORTRgchBB7S7bTg&oe=6742CAD3,,https://www.exportcomments.com/done/8e17d52a-7c28-443b-97dc-72c812831ee0/preview/1106227877507838
98,,"Belen Espinoza",pfbid04MXf2KNLnBvTZ7eRSjFsBGM9u5hvHR7svaFRr5Sgsc8tSBUZwn7hekiZL5G5Pd7vl,"2024-10-27 23:24:56",0,-,"Cuales son los horarios de mañana?",,https://scontent.fkul8-3.fna.fbcdn.net/v/t39.30808-1/298095158_10222329638017967_1725128233846717370_n.jpg?stp=cp0_dst-jpg_s64x64&_nc_cat=107&ccb=1-7&_nc_sid=0ecb9b&_nc_ohc=Nl9TWQowSnUQ7kNvgFiaH7K&_nc_zt=24&_nc_ht=scontent.fkul8-3.fna&_nc_gid=ARFns1EcbLXvwEIBmCXsGG2&oh=00_AYCfUEYUAXAp-_NkJ8YrsuQj4Kta9kumg3oJsoe_3ThkzQ&oe=6742C07C,,https://www.exportcomments.com/done/8e17d52a-7c28-443b-97dc-72c812831ee0/preview/3378689392275857
99,,"Alexis Monar GC",100007337581440,"2024-10-27 23:47:27",0,-,"CNEL EP publiquen el horario de esta semana que viene o es la misma de la publicación pasada?",,https://scontent-sof1-2.xx.fbcdn.net/v/t39.30808-1/464327348_3711322512455632_540623717022770648_n.jpg?stp=cp0_dst-jpg_s64x64&_nc_cat=103&ccb=1-7&_nc_sid=50d2ac&_nc_ohc=SXtPRuysgtAQ7kNvgHHC9xi&_nc_zt=24&_nc_ht=scontent-sof1-2.xx&_nc_gid=AWYzL2p1t1qz-UX0AKGDcgx&oh=00_AYC51fu93R9i04UvUn0la8QnUKtz1oycx8S5IkCB6Th3gA&oe=6742D83A,,https://www.exportcomments.com/done/8e17d52a-7c28-443b-97dc-72c812831ee0/preview/434068279423459
